-- --------------------------------------------------------
-- Host:                         127.0.0.1
-- Versión del servidor:         8.0.30 - MySQL Community Server - GPL
-- SO del servidor:              Win64
-- HeidiSQL Versión:             12.1.0.6537
-- --------------------------------------------------------

/*!40101 SET @OLD_CHARACTER_SET_CLIENT=@@CHARACTER_SET_CLIENT */;
/*!40101 SET NAMES utf8 */;
/*!50503 SET NAMES utf8mb4 */;
/*!40103 SET @OLD_TIME_ZONE=@@TIME_ZONE */;
/*!40103 SET TIME_ZONE='+00:00' */;
/*!40014 SET @OLD_FOREIGN_KEY_CHECKS=@@FOREIGN_KEY_CHECKS, FOREIGN_KEY_CHECKS=0 */;
/*!40101 SET @OLD_SQL_MODE=@@SQL_MODE, SQL_MODE='NO_AUTO_VALUE_ON_ZERO' */;
/*!40111 SET @OLD_SQL_NOTES=@@SQL_NOTES, SQL_NOTES=0 */;


-- Volcando estructura de base de datos para storeonline
DROP DATABASE IF EXISTS `storeonline`;
CREATE DATABASE IF NOT EXISTS `storeonline` /*!40100 DEFAULT CHARACTER SET utf8mb4 COLLATE utf8mb4_0900_ai_ci */ /*!80016 DEFAULT ENCRYPTION='N' */;
USE `storeonline`;

-- Volcando estructura para tabla storeonline.cache
DROP TABLE IF EXISTS `cache`;
CREATE TABLE IF NOT EXISTS `cache` (
  `key` varchar(255) COLLATE utf8mb4_unicode_ci NOT NULL,
  `value` mediumtext COLLATE utf8mb4_unicode_ci NOT NULL,
  `expiration` int NOT NULL,
  PRIMARY KEY (`key`)
) ENGINE=InnoDB DEFAULT CHARSET=utf8mb4 COLLATE=utf8mb4_unicode_ci;

-- Volcando datos para la tabla storeonline.cache: ~0 rows (aproximadamente)
DELETE FROM `cache`;

-- Volcando estructura para tabla storeonline.cache_locks
DROP TABLE IF EXISTS `cache_locks`;
CREATE TABLE IF NOT EXISTS `cache_locks` (
  `key` varchar(255) COLLATE utf8mb4_unicode_ci NOT NULL,
  `owner` varchar(255) COLLATE utf8mb4_unicode_ci NOT NULL,
  `expiration` int NOT NULL,
  PRIMARY KEY (`key`)
) ENGINE=InnoDB DEFAULT CHARSET=utf8mb4 COLLATE=utf8mb4_unicode_ci;

-- Volcando datos para la tabla storeonline.cache_locks: ~0 rows (aproximadamente)
DELETE FROM `cache_locks`;

-- Volcando estructura para tabla storeonline.cliente
DROP TABLE IF EXISTS `cliente`;
CREATE TABLE IF NOT EXISTS `cliente` (
  `idCliente` int NOT NULL AUTO_INCREMENT,
  `nombre` varchar(75) COLLATE utf8mb4_general_ci NOT NULL,
  `direccion` varchar(100) COLLATE utf8mb4_general_ci NOT NULL,
  `estado` tinyint(1) NOT NULL DEFAULT '1',
  PRIMARY KEY (`idCliente`)
) ENGINE=InnoDB AUTO_INCREMENT=20 DEFAULT CHARSET=utf8mb4 COLLATE=utf8mb4_general_ci;

-- Volcando datos para la tabla storeonline.cliente: ~19 rows (aproximadamente)
DELETE FROM `cliente`;
INSERT INTO `cliente` (`idCliente`, `nombre`, `direccion`, `estado`) VALUES
	(1, 'Manuel Rodríguez', '43 avenida zona 4 Quetzaltenango, Quetzaltenango', 1),
	(2, 'Juan Pérez', '5 calle zona 1 Quetzaltenango, Quetzaltenango', 1),
	(3, 'Gabriela Munguia', '13 calle zona 10 Quetzaltenango, Quetzaltenango', 1),
	(4, 'Antonio Martinez', '14 calle zona 8 Quetzaltenango, Quetzaltenango', 1),
	(5, 'Alejandro Requena', '14 calle zona 3 Quetzaltenango, Quetzaltenango', 1),
	(6, 'Mariano Baquiax', '10 avenida zona 8 Quetzaltenango, Quetzaltenango', 1),
	(7, 'Davidsos', 'de Totoyork', 1),
	(8, 'Alejandro Requena', '14 calle zona 3 Quetzaltenango, Quetzaltenango', 1),
	(9, 'Victor Hugo', '4ta calle zona 5 Quetzaltenango', 1),
	(10, 'María López', 'Calle Luna #456, San José', 1),
	(11, 'Javier Martínez', 'Av. Central #789, Ciudad del Sol', 1),
	(12, 'Ana Fernández', 'Paseo de las Palmas #123, Monterrey', 1),
	(13, 'Roberto Sánchez', 'Calle Olmo #89, Guadalajara', 1),
	(14, 'Elena García', 'Calle Amado Nervo #55, Puebla', 1),
	(15, 'Daniel Hernández', 'Calle Pino #201, Tijuana', 1),
	(16, 'Carmen Torres', 'Av. de las Rosas #12, Querétaro', 1),
	(17, 'Francisco Ruiz', 'Blvd. Independencia #70, Aguascalientes', 1),
	(18, 'Valeria Gómez', 'Calle del Valle #330, Mérida', 1),
	(19, 'Fernando Morales', 'Av. Juárez #101, Cancún', 1);

-- Volcando estructura para tabla storeonline.compra
DROP TABLE IF EXISTS `compra`;
CREATE TABLE IF NOT EXISTS `compra` (
  `idCompra` int NOT NULL AUTO_INCREMENT,
  `idProductoSucursal` int DEFAULT NULL,
  `cantidad` int DEFAULT NULL,
  `fecha` date DEFAULT NULL,
  `estado` tinyint(1) DEFAULT NULL,
  PRIMARY KEY (`idCompra`),
  KEY `idProductoSucursal` (`idProductoSucursal`),
  CONSTRAINT `compra_ibfk_1` FOREIGN KEY (`idProductoSucursal`) REFERENCES `rproductosucursal` (`idProductoSucursal`)
) ENGINE=InnoDB AUTO_INCREMENT=5 DEFAULT CHARSET=utf8mb4 COLLATE=utf8mb4_general_ci;

-- Volcando datos para la tabla storeonline.compra: ~4 rows (aproximadamente)
DELETE FROM `compra`;
INSERT INTO `compra` (`idCompra`, `idProductoSucursal`, `cantidad`, `fecha`, `estado`) VALUES
	(1, 40, 0, '2024-10-12', 0),
	(2, 580, 0, '2024-11-12', 0),
	(3, 568, 5, '2024-11-12', 1),
	(4, 111, 15, '2024-12-15', 1);

-- Volcando estructura para tabla storeonline.contacto
DROP TABLE IF EXISTS `contacto`;
CREATE TABLE IF NOT EXISTS `contacto` (
  `idContacto` int NOT NULL AUTO_INCREMENT,
  `telefono` varchar(8) COLLATE utf8mb4_general_ci NOT NULL,
  `email` varchar(75) COLLATE utf8mb4_general_ci NOT NULL,
  `idCliente` int DEFAULT NULL,
  PRIMARY KEY (`idContacto`),
  KEY `IX_Relationship1` (`idCliente`),
  CONSTRAINT `Relationship1` FOREIGN KEY (`idCliente`) REFERENCES `cliente` (`idCliente`)
) ENGINE=InnoDB AUTO_INCREMENT=5 DEFAULT CHARSET=utf8mb4 COLLATE=utf8mb4_general_ci;

-- Volcando datos para la tabla storeonline.contacto: ~4 rows (aproximadamente)
DELETE FROM `contacto`;
INSERT INTO `contacto` (`idContacto`, `telefono`, `email`, `idCliente`) VALUES
	(1, '12345678', 'mauenl2@gmail.com', 1),
	(2, '33441156', 'juanp@gmail.com', 2),
	(3, '33441156', 'juanp4@gmail.com', 2),
	(4, '44551678', 'victor@gmail.com', 9);

-- Volcando estructura para tabla storeonline.detallefactura
DROP TABLE IF EXISTS `detallefactura`;
CREATE TABLE IF NOT EXISTS `detallefactura` (
  `idDetalleFactura` int NOT NULL AUTO_INCREMENT,
  `cantidad` int NOT NULL,
  `idFactura` int DEFAULT NULL,
  `idSerie` varchar(25) COLLATE utf8mb4_general_ci DEFAULT NULL,
  `idProducto` int DEFAULT NULL,
  PRIMARY KEY (`idDetalleFactura`),
  KEY `IX_Relationship4` (`idFactura`,`idSerie`),
  KEY `IX_Relationship5` (`idProducto`),
  CONSTRAINT `Relationship4` FOREIGN KEY (`idFactura`, `idSerie`) REFERENCES `factura` (`idFactura`, `idSerie`),
  CONSTRAINT `Relationship5` FOREIGN KEY (`idProducto`) REFERENCES `producto` (`idProducto`)
) ENGINE=InnoDB AUTO_INCREMENT=311 DEFAULT CHARSET=utf8mb4 COLLATE=utf8mb4_general_ci;

-- Volcando datos para la tabla storeonline.detallefactura: ~310 rows (aproximadamente)
DELETE FROM `detallefactura`;
INSERT INTO `detallefactura` (`idDetalleFactura`, `cantidad`, `idFactura`, `idSerie`, `idProducto`) VALUES
	(1, 2, 1, 'A-01', 3),
	(2, 5, 2, 'A-01', 5),
	(3, 3, 3, 'A-01', 7),
	(4, 1, 4, 'A-01', 8),
	(5, 9, 5, 'A-01', 2),
	(6, 4, 6, 'A-01', 6),
	(7, 6, 7, 'A-01', 9),
	(8, 5, 8, 'A-01', 4),
	(9, 10, 9, 'A-01', 1),
	(10, 3, 10, 'A-01', 12),
	(11, 2, 1, 'A-01', 3),
	(12, 5, 2, 'A-01', 5),
	(13, 3, 3, 'A-01', 7),
	(14, 1, 4, 'A-01', 8),
	(15, 9, 5, 'A-01', 2),
	(16, 4, 6, 'A-01', 6),
	(17, 6, 7, 'A-01', 9),
	(18, 5, 8, 'A-01', 4),
	(19, 10, 9, 'A-01', 1),
	(20, 3, 10, 'A-01', 12),
	(21, 4, 11, 'A-01', 3),
	(22, 7, 12, 'A-01', 5),
	(23, 5, 13, 'A-01', 6),
	(24, 2, 14, 'A-01', 11),
	(25, 10, 15, 'A-01', 7),
	(26, 8, 16, 'A-01', 2),
	(27, 6, 17, 'A-01', 9),
	(28, 5, 18, 'A-01', 10),
	(29, 3, 19, 'A-01', 4),
	(30, 6, 20, 'A-01', 12),
	(31, 8, 21, 'A-01', 5),
	(32, 10, 22, 'A-01', 3),
	(33, 10, 23, 'A-01', 11),
	(34, 2, 24, 'A-01', 7),
	(35, 5, 25, 'A-01', 9),
	(36, 4, 26, 'A-01', 4),
	(37, 5, 27, 'A-01', 6),
	(38, 4, 28, 'A-01', 2),
	(39, 6, 29, 'A-01', 12),
	(40, 5, 30, 'A-01', 8),
	(41, 10, 31, 'A-01', 10),
	(42, 7, 32, 'A-01', 11),
	(43, 8, 33, 'A-01', 9),
	(44, 4, 34, 'A-01', 3),
	(45, 5, 35, 'A-01', 12),
	(46, 6, 36, 'A-01', 2),
	(47, 4, 37, 'A-01', 7),
	(48, 4, 38, 'A-01', 6),
	(49, 5, 39, 'A-01', 8),
	(50, 3, 40, 'A-01', 5),
	(51, 9, 41, 'A-01', 10),
	(52, 8, 42, 'A-01', 11),
	(53, 7, 43, 'A-01', 9),
	(54, 10, 44, 'A-01', 10),
	(55, 10, 45, 'A-01', 13),
	(56, 7, 46, 'A-01', 6),
	(57, 8, 47, 'A-01', 7),
	(58, 9, 48, 'A-01', 8),
	(59, 9, 49, 'A-01', 9),
	(60, 8, 50, 'A-01', 6),
	(61, 9, 41, 'A-01', 10),
	(62, 8, 42, 'A-01', 11),
	(63, 7, 43, 'A-01', 9),
	(64, 10, 44, 'A-01', 10),
	(65, 10, 45, 'A-01', 13),
	(66, 7, 46, 'A-01', 6),
	(67, 8, 47, 'A-01', 7),
	(68, 9, 48, 'A-01', 8),
	(69, 9, 49, 'A-01', 9),
	(70, 8, 50, 'A-01', 6),
	(71, 9, 41, 'A-01', 10),
	(72, 8, 42, 'A-01', 11),
	(73, 7, 43, 'A-01', 9),
	(74, 10, 44, 'A-01', 10),
	(75, 10, 45, 'A-01', 13),
	(76, 7, 46, 'A-01', 6),
	(77, 8, 47, 'A-01', 7),
	(78, 9, 48, 'A-01', 8),
	(79, 9, 49, 'A-01', 9),
	(80, 8, 50, 'A-01', 6),
	(81, 9, 41, 'A-01', 25),
	(82, 8, 42, 'A-01', 31),
	(83, 7, 43, 'A-01', 45),
	(84, 10, 44, 'A-01', 21),
	(85, 10, 45, 'A-01', 18),
	(86, 7, 46, 'A-01', 13),
	(87, 8, 47, 'A-01', 9),
	(88, 9, 48, 'A-01', 6),
	(89, 9, 49, 'A-01', 55),
	(90, 8, 50, 'A-01', 17),
	(91, 9, 41, 'A-01', 25),
	(92, 8, 42, 'A-01', 31),
	(93, 7, 43, 'A-01', 45),
	(94, 10, 44, 'A-01', 21),
	(95, 10, 45, 'A-01', 18),
	(96, 7, 46, 'A-01', 13),
	(97, 8, 47, 'A-01', 9),
	(98, 9, 48, 'A-01', 6),
	(99, 9, 49, 'A-01', 55),
	(100, 8, 50, 'A-01', 17),
	(101, 9, 41, 'A-01', 25),
	(102, 8, 42, 'A-01', 31),
	(103, 7, 43, 'A-01', 45),
	(104, 10, 44, 'A-01', 21),
	(105, 10, 45, 'A-01', 18),
	(106, 7, 46, 'A-01', 13),
	(107, 8, 47, 'A-01', 9),
	(108, 9, 48, 'A-01', 6),
	(109, 9, 49, 'A-01', 55),
	(110, 8, 50, 'A-01', 17),
	(111, 9, 41, 'A-01', 37),
	(112, 8, 42, 'A-01', 42),
	(113, 7, 43, 'A-01', 49),
	(114, 10, 44, 'A-01', 51),
	(115, 10, 45, 'A-01', 61),
	(116, 7, 46, 'A-01', 15),
	(117, 8, 47, 'A-01', 72),
	(118, 9, 48, 'A-01', 10),
	(119, 9, 49, 'A-01', 44),
	(120, 8, 50, 'A-01', 38),
	(121, 10, 51, 'A-01', 56),
	(122, 9, 52, 'A-01', 64),
	(123, 8, 53, 'A-01', 72),
	(124, 10, 54, 'A-01', 11),
	(125, 10, 55, 'A-01', 85),
	(126, 8, 56, 'A-01', 92),
	(127, 7, 57, 'A-01', 54),
	(128, 9, 58, 'A-01', 47),
	(129, 9, 59, 'A-01', 61),
	(130, 8, 60, 'A-01', 50),
	(131, 10, 61, 'A-01', 43),
	(132, 9, 62, 'A-01', 29),
	(133, 8, 63, 'A-01', 67),
	(134, 10, 64, 'A-01', 78),
	(135, 10, 65, 'A-01', 92),
	(136, 8, 66, 'A-01', 54),
	(137, 7, 67, 'A-01', 84),
	(138, 9, 68, 'A-01', 19),
	(139, 8, 69, 'A-01', 55),
	(140, 9, 70, 'A-01', 66),
	(141, 10, 71, 'A-01', 15),
	(142, 8, 72, 'A-01', 73),
	(143, 10, 73, 'A-01', 10),
	(144, 9, 74, 'A-01', 26),
	(145, 8, 75, 'A-01', 43),
	(146, 9, 76, 'A-01', 91),
	(147, 10, 77, 'A-01', 57),
	(148, 9, 78, 'A-01', 88),
	(149, 8, 79, 'A-01', 32),
	(150, 9, 80, 'A-01', 99),
	(151, 9, 81, 'A-01', 15),
	(152, 9, 82, 'A-01', 73),
	(153, 8, 83, 'A-01', 10),
	(154, 10, 84, 'A-01', 26),
	(155, 8, 85, 'A-01', 43),
	(156, 10, 86, 'A-01', 91),
	(157, 9, 87, 'A-01', 57),
	(158, 7, 88, 'A-01', 88),
	(159, 9, 89, 'A-01', 32),
	(160, 8, 90, 'A-01', 99),
	(161, 8, 91, 'A-01', 16),
	(162, 9, 92, 'A-01', 28),
	(163, 8, 93, 'A-01', 13),
	(164, 9, 94, 'A-01', 25),
	(165, 8, 95, 'A-01', 45),
	(166, 10, 96, 'A-01', 92),
	(167, 9, 97, 'A-01', 68),
	(168, 8, 98, 'A-01', 59),
	(169, 9, 99, 'A-01', 82),
	(170, 9, 100, 'A-01', 55),
	(171, 8, 101, 'A-01', 13),
	(172, 9, 102, 'A-01', 18),
	(173, 8, 103, 'A-01', 29),
	(174, 9, 104, 'A-01', 21),
	(175, 8, 105, 'A-01', 17),
	(176, 10, 106, 'A-01', 23),
	(177, 9, 107, 'A-01', 31),
	(178, 8, 108, 'A-01', 22),
	(179, 9, 109, 'A-01', 25),
	(180, 9, 110, 'A-01', 20),
	(181, 7, 101, 'A-01', 16),
	(182, 8, 102, 'A-01', 18),
	(183, 10, 103, 'A-01', 22),
	(184, 9, 104, 'A-01', 19),
	(185, 8, 105, 'A-01', 14),
	(186, 9, 106, 'A-01', 28),
	(187, 8, 107, 'A-01', 21),
	(188, 9, 108, 'A-01', 20),
	(189, 9, 109, 'A-01', 26),
	(190, 9, 110, 'A-01', 13),
	(191, 5, 101, 'A-01', 8),
	(192, 7, 102, 'A-01', 15),
	(193, 6, 103, 'A-01', 20),
	(194, 9, 104, 'A-01', 22),
	(195, 8, 105, 'A-01', 18),
	(196, 6, 106, 'A-01', 12),
	(197, 10, 107, 'A-01', 6),
	(198, 4, 108, 'A-01', 29),
	(199, 8, 109, 'A-01', 19),
	(200, 7, 110, 'A-01', 9),
	(201, 6, 101, 'A-01', 5),
	(202, 8, 102, 'A-01', 12),
	(203, 7, 103, 'A-01', 17),
	(204, 9, 104, 'A-01', 22),
	(205, 5, 105, 'A-01', 19),
	(206, 10, 106, 'A-01', 4),
	(207, 8, 107, 'A-01', 29),
	(208, 6, 108, 'A-01', 11),
	(209, 7, 109, 'A-01', 16),
	(210, 9, 110, 'A-01', 8),
	(211, 2, 111, 'A-01', 3),
	(212, 5, 112, 'A-01', 5),
	(213, 3, 113, 'A-01', 7),
	(214, 1, 114, 'A-01', 8),
	(215, 9, 115, 'A-01', 2),
	(216, 4, 116, 'A-01', 6),
	(217, 6, 117, 'A-01', 9),
	(218, 5, 118, 'A-01', 4),
	(219, 10, 119, 'A-01', 1),
	(220, 3, 120, 'A-01', 12),
	(221, 2, 121, 'A-01', 3),
	(222, 5, 122, 'A-01', 5),
	(223, 3, 123, 'A-01', 7),
	(224, 1, 124, 'A-01', 8),
	(225, 9, 125, 'A-01', 2),
	(226, 4, 126, 'A-01', 6),
	(227, 6, 127, 'A-01', 9),
	(228, 5, 128, 'A-01', 4),
	(229, 10, 129, 'A-01', 1),
	(230, 3, 130, 'A-01', 12),
	(231, 4, 131, 'A-01', 3),
	(232, 7, 132, 'A-01', 5),
	(233, 5, 133, 'A-01', 6),
	(234, 2, 134, 'A-01', 11),
	(235, 10, 135, 'A-01', 7),
	(236, 8, 136, 'A-01', 2),
	(237, 6, 137, 'A-01', 9),
	(238, 5, 138, 'A-01', 10),
	(239, 3, 139, 'A-01', 4),
	(240, 6, 140, 'A-01', 12),
	(241, 8, 141, 'A-01', 5),
	(242, 10, 142, 'A-01', 3),
	(243, 10, 143, 'A-01', 11),
	(244, 2, 144, 'A-01', 7),
	(245, 5, 145, 'A-01', 9),
	(246, 4, 146, 'A-01', 4),
	(247, 5, 147, 'A-01', 6),
	(248, 4, 148, 'A-01', 2),
	(249, 6, 149, 'A-01', 12),
	(250, 5, 150, 'A-01', 8),
	(251, 10, 151, 'A-01', 10),
	(252, 7, 152, 'A-01', 11),
	(253, 8, 153, 'A-01', 9),
	(254, 4, 154, 'A-01', 3),
	(255, 5, 155, 'A-01', 12),
	(256, 6, 156, 'A-01', 2),
	(257, 4, 157, 'A-01', 7),
	(258, 4, 158, 'A-01', 6),
	(259, 5, 159, 'A-01', 8),
	(260, 3, 160, 'A-01', 5),
	(261, 7, 161, 'A-01', 84),
	(262, 9, 162, 'A-01', 19),
	(263, 8, 163, 'A-01', 55),
	(264, 9, 164, 'A-01', 66),
	(265, 10, 165, 'A-01', 15),
	(266, 8, 166, 'A-01', 73),
	(267, 10, 167, 'A-01', 10),
	(268, 9, 168, 'A-01', 26),
	(269, 8, 169, 'A-01', 43),
	(270, 9, 170, 'A-01', 91),
	(271, 10, 171, 'A-01', 57),
	(272, 9, 172, 'A-01', 88),
	(273, 8, 173, 'A-01', 32),
	(274, 9, 174, 'A-01', 99),
	(275, 9, 175, 'A-01', 15),
	(276, 9, 176, 'A-01', 73),
	(277, 8, 177, 'A-01', 10),
	(278, 10, 178, 'A-01', 26),
	(279, 8, 179, 'A-01', 43),
	(280, 10, 180, 'A-01', 91),
	(281, 9, 181, 'A-01', 57),
	(282, 8, 182, 'A-01', 88),
	(283, 9, 183, 'A-01', 32),
	(284, 9, 184, 'A-01', 99),
	(285, 10, 185, 'A-01', 15),
	(286, 9, 186, 'A-01', 73),
	(287, 8, 187, 'A-01', 10),
	(288, 10, 188, 'A-01', 26),
	(289, 8, 189, 'A-01', 43),
	(290, 10, 190, 'A-01', 91),
	(291, 7, 191, 'A-01', 84),
	(292, 9, 192, 'A-01', 19),
	(293, 8, 193, 'A-01', 55),
	(294, 9, 194, 'A-01', 66),
	(295, 10, 195, 'A-01', 15),
	(296, 8, 196, 'A-01', 73),
	(297, 10, 197, 'A-01', 10),
	(298, 9, 198, 'A-01', 26),
	(299, 8, 199, 'A-01', 43),
	(300, 9, 200, 'A-01', 91),
	(301, 10, 201, 'A-01', 57),
	(302, 9, 202, 'A-01', 88),
	(303, 8, 203, 'A-01', 32),
	(304, 9, 204, 'A-01', 99),
	(305, 9, 205, 'A-01', 15),
	(306, 9, 206, 'A-01', 73),
	(307, 8, 207, 'A-01', 10),
	(308, 10, 208, 'A-01', 26),
	(309, 8, 209, 'A-01', 43),
	(310, 10, 210, 'A-01', 91);

-- Volcando estructura para tabla storeonline.empleado
DROP TABLE IF EXISTS `empleado`;
CREATE TABLE IF NOT EXISTS `empleado` (
  `idEmpleado` int NOT NULL AUTO_INCREMENT,
  `nombre` varchar(50) COLLATE utf8mb4_general_ci NOT NULL,
  `telefono` varchar(8) COLLATE utf8mb4_general_ci NOT NULL,
  `email` varchar(50) COLLATE utf8mb4_general_ci NOT NULL,
  `estado` tinyint(1) NOT NULL DEFAULT '1',
  `idSucursal` int DEFAULT NULL,
  PRIMARY KEY (`idEmpleado`),
  KEY `IX_Relationship11` (`idSucursal`),
  CONSTRAINT `Relationship11` FOREIGN KEY (`idSucursal`) REFERENCES `sucursal` (`idSucursal`)
) ENGINE=InnoDB AUTO_INCREMENT=3 DEFAULT CHARSET=utf8mb4 COLLATE=utf8mb4_general_ci;

-- Volcando datos para la tabla storeonline.empleado: ~2 rows (aproximadamente)
DELETE FROM `empleado`;
INSERT INTO `empleado` (`idEmpleado`, `nombre`, `telefono`, `email`, `estado`, `idSucursal`) VALUES
	(1, 'Juan', '85120354', 'juancho@technology.com.gt', 1, 5),
	(2, 'Miguel', '02024596', 'bob@technology.com.gt', 1, 1);

-- Volcando estructura para tabla storeonline.factura
DROP TABLE IF EXISTS `factura`;
CREATE TABLE IF NOT EXISTS `factura` (
  `idFactura` int NOT NULL AUTO_INCREMENT,
  `fechaFactura` date NOT NULL,
  `montoTotal` decimal(18,2) NOT NULL,
  `idCliente` int DEFAULT NULL,
  `idSerie` varchar(25) COLLATE utf8mb4_general_ci NOT NULL,
  `idSucursal` int DEFAULT NULL,
  PRIMARY KEY (`idFactura`,`idSerie`),
  KEY `IX_Relationship2` (`idCliente`),
  KEY `Relationship3` (`idSerie`),
  KEY `fk_factura_sucursal` (`idSucursal`),
  CONSTRAINT `fk_factura_sucursal` FOREIGN KEY (`idSucursal`) REFERENCES `sucursal` (`idSucursal`),
  CONSTRAINT `Relationship2` FOREIGN KEY (`idCliente`) REFERENCES `cliente` (`idCliente`),
  CONSTRAINT `Relationship3` FOREIGN KEY (`idSerie`) REFERENCES `seriefactura` (`idSerie`)
) ENGINE=InnoDB AUTO_INCREMENT=211 DEFAULT CHARSET=utf8mb4 COLLATE=utf8mb4_general_ci;

-- Volcando datos para la tabla storeonline.factura: ~210 rows (aproximadamente)
DELETE FROM `factura`;
INSERT INTO `factura` (`idFactura`, `fechaFactura`, `montoTotal`, `idCliente`, `idSerie`, `idSucursal`) VALUES
	(1, '2024-11-01', 3500.00, 12, 'A-01', 3),
	(2, '2024-11-02', 2500.00, 5, 'A-01', 2),
	(3, '2024-11-03', 4500.00, 8, 'A-01', 6),
	(4, '2024-11-04', 1750.00, 15, 'A-01', 1),
	(5, '2024-11-05', 2700.00, 9, 'A-01', 4),
	(6, '2024-11-06', 3600.00, 7, 'A-01', 5),
	(7, '2024-11-07', 5400.00, 3, 'A-01', 6),
	(8, '2024-11-08', 4100.00, 10, 'A-01', 2),
	(9, '2024-11-09', 1900.00, 14, 'A-01', 4),
	(10, '2024-11-10', 2250.00, 6, 'A-01', 3),
	(11, '2024-11-11', 3500.00, 12, 'A-01', 3),
	(12, '2024-11-12', 2500.00, 5, 'A-01', 2),
	(13, '2024-11-13', 4500.00, 8, 'A-01', 6),
	(14, '2024-11-14', 1750.00, 15, 'A-01', 1),
	(15, '2024-11-15', 2700.00, 9, 'A-01', 4),
	(16, '2024-11-16', 3600.00, 7, 'A-01', 5),
	(17, '2024-11-17', 5400.00, 3, 'A-01', 6),
	(18, '2024-11-18', 4100.00, 10, 'A-01', 2),
	(19, '2024-11-19', 1900.00, 14, 'A-01', 4),
	(20, '2024-11-20', 2250.00, 6, 'A-01', 3),
	(21, '2024-11-21', 8200.00, 11, 'A-01', 2),
	(22, '2024-11-22', 2800.00, 17, 'A-01', 3),
	(23, '2024-11-23', 3650.00, 2, 'A-01', 5),
	(24, '2024-11-24', 4300.00, 18, 'A-01', 1),
	(25, '2024-11-25', 6200.00, 13, 'A-01', 4),
	(26, '2024-11-26', 1440.00, 9, 'A-01', 6),
	(27, '2024-11-27', 5400.00, 4, 'A-01', 2),
	(28, '2024-11-28', 9400.00, 16, 'A-01', 6),
	(29, '2024-11-29', 2150.00, 1, 'A-01', 5),
	(30, '2024-11-30', 3150.00, 10, 'A-01', 4),
	(31, '2024-12-01', 5600.00, 15, 'A-01', 3),
	(32, '2024-12-02', 7300.00, 9, 'A-01', 1),
	(33, '2024-12-03', 12800.00, 5, 'A-01', 2),
	(34, '2024-12-04', 4300.00, 14, 'A-01', 4),
	(35, '2024-12-05', 3500.00, 12, 'A-01', 6),
	(36, '2024-12-06', 4000.00, 7, 'A-01', 1),
	(37, '2024-12-07', 2900.00, 16, 'A-01', 5),
	(38, '2024-12-08', 5200.00, 3, 'A-01', 2),
	(39, '2024-12-09', 6600.00, 6, 'A-01', 4),
	(40, '2024-12-10', 9000.00, 8, 'A-01', 3),
	(41, '2024-12-11', 11500.00, 10, 'A-01', 6),
	(42, '2024-12-12', 9700.00, 11, 'A-01', 3),
	(43, '2024-12-13', 10200.00, 13, 'A-01', 5),
	(44, '2024-12-14', 8000.00, 17, 'A-01', 2),
	(45, '2024-12-15', 11000.00, 18, 'A-01', 4),
	(46, '2024-12-16', 6000.00, 14, 'A-01', 1),
	(47, '2024-12-17', 4600.00, 15, 'A-01', 6),
	(48, '2024-12-18', 5400.00, 9, 'A-01', 5),
	(49, '2024-12-19', 7500.00, 12, 'A-01', 3),
	(50, '2024-12-20', 6700.00, 16, 'A-01', 4),
	(51, '2024-12-21', 10500.00, 10, 'A-01', 2),
	(52, '2024-12-22', 8900.00, 12, 'A-01', 6),
	(53, '2024-12-23', 9800.00, 11, 'A-01', 1),
	(54, '2024-12-24', 11500.00, 13, 'A-01', 5),
	(55, '2024-12-25', 12500.00, 14, 'A-01', 4),
	(56, '2024-12-26', 7700.00, 15, 'A-01', 2),
	(57, '2024-12-27', 8300.00, 16, 'A-01', 3),
	(58, '2024-12-28', 9500.00, 17, 'A-01', 4),
	(59, '2024-12-29', 10800.00, 18, 'A-01', 6),
	(60, '2024-12-30', 10200.00, 9, 'A-01', 5),
	(61, '2024-12-21', 10500.00, 10, 'A-01', 2),
	(62, '2024-12-22', 8900.00, 12, 'A-01', 6),
	(63, '2024-12-23', 9800.00, 11, 'A-01', 1),
	(64, '2024-12-24', 11500.00, 13, 'A-01', 5),
	(65, '2024-12-25', 12500.00, 14, 'A-01', 4),
	(66, '2024-12-26', 7700.00, 15, 'A-01', 2),
	(67, '2024-12-27', 8300.00, 16, 'A-01', 3),
	(68, '2024-12-28', 9500.00, 17, 'A-01', 4),
	(69, '2024-12-29', 10800.00, 18, 'A-01', 6),
	(70, '2024-12-30', 10200.00, 9, 'A-01', 5),
	(71, '2024-12-21', 10500.00, 10, 'A-01', 2),
	(72, '2024-12-22', 8900.00, 12, 'A-01', 6),
	(73, '2024-12-23', 9800.00, 11, 'A-01', 1),
	(74, '2024-12-24', 11500.00, 13, 'A-01', 5),
	(75, '2024-12-25', 12500.00, 14, 'A-01', 4),
	(76, '2024-12-26', 7700.00, 15, 'A-01', 2),
	(77, '2024-12-27', 8300.00, 16, 'A-01', 3),
	(78, '2024-12-28', 9500.00, 17, 'A-01', 4),
	(79, '2024-12-29', 10800.00, 18, 'A-01', 6),
	(80, '2024-12-30', 10200.00, 9, 'A-01', 5),
	(81, '2024-12-21', 10500.00, 10, 'A-01', 2),
	(82, '2024-12-22', 8900.00, 12, 'A-01', 6),
	(83, '2024-12-23', 9800.00, 11, 'A-01', 1),
	(84, '2024-12-24', 11500.00, 13, 'A-01', 5),
	(85, '2024-12-25', 12500.00, 14, 'A-01', 4),
	(86, '2024-12-26', 7700.00, 15, 'A-01', 2),
	(87, '2024-12-27', 8300.00, 16, 'A-01', 3),
	(88, '2024-12-28', 9500.00, 17, 'A-01', 4),
	(89, '2024-12-29', 10800.00, 18, 'A-01', 6),
	(90, '2024-12-30', 10200.00, 9, 'A-01', 5),
	(91, '2024-12-21', 10500.00, 10, 'A-01', 2),
	(92, '2024-12-22', 8900.00, 12, 'A-01', 6),
	(93, '2024-12-23', 9800.00, 11, 'A-01', 1),
	(94, '2024-12-24', 11500.00, 13, 'A-01', 5),
	(95, '2024-12-25', 12500.00, 14, 'A-01', 4),
	(96, '2024-12-26', 7700.00, 15, 'A-01', 2),
	(97, '2024-12-27', 8300.00, 16, 'A-01', 3),
	(98, '2024-12-28', 9500.00, 17, 'A-01', 4),
	(99, '2024-12-29', 10800.00, 18, 'A-01', 6),
	(100, '2024-12-30', 10200.00, 9, 'A-01', 5),
	(101, '2024-12-21', 10500.00, 10, 'A-01', 2),
	(102, '2024-12-22', 8900.00, 12, 'A-01', 6),
	(103, '2024-12-23', 9800.00, 11, 'A-01', 1),
	(104, '2024-12-24', 11500.00, 13, 'A-01', 5),
	(105, '2024-12-25', 12500.00, 14, 'A-01', 4),
	(106, '2024-12-26', 7700.00, 15, 'A-01', 2),
	(107, '2024-12-27', 8300.00, 16, 'A-01', 3),
	(108, '2024-12-28', 9500.00, 17, 'A-01', 4),
	(109, '2024-12-29', 10800.00, 18, 'A-01', 6),
	(110, '2024-12-30', 10200.00, 9, 'A-01', 5),
	(111, '2024-12-21', 10500.00, 10, 'A-01', 2),
	(112, '2024-12-22', 8900.00, 12, 'A-01', 6),
	(113, '2024-12-23', 9800.00, 11, 'A-01', 1),
	(114, '2024-12-24', 11500.00, 13, 'A-01', 5),
	(115, '2024-12-25', 12500.00, 14, 'A-01', 4),
	(116, '2024-12-26', 7700.00, 15, 'A-01', 2),
	(117, '2024-12-27', 8300.00, 16, 'A-01', 3),
	(118, '2024-12-28', 9500.00, 17, 'A-01', 4),
	(119, '2024-12-29', 10800.00, 18, 'A-01', 6),
	(120, '2024-12-30', 10200.00, 9, 'A-01', 5),
	(121, '2024-12-31', 11900.00, 10, 'A-01', 3),
	(122, '2025-01-01', 10700.00, 12, 'A-01', 4),
	(123, '2025-01-02', 10200.00, 11, 'A-01', 2),
	(124, '2025-01-03', 11600.00, 13, 'A-01', 6),
	(125, '2025-01-04', 13000.00, 14, 'A-01', 5),
	(126, '2025-01-05', 8700.00, 15, 'A-01', 3),
	(127, '2025-01-06', 8400.00, 16, 'A-01', 4),
	(128, '2025-01-07', 11000.00, 17, 'A-01', 2),
	(129, '2025-01-08', 9500.00, 18, 'A-01', 6),
	(130, '2025-01-09', 10400.00, 9, 'A-01', 5),
	(131, '2025-01-10', 11800.00, 10, 'A-01', 4),
	(132, '2025-01-11', 10550.00, 11, 'A-01', 5),
	(133, '2025-01-12', 9900.00, 12, 'A-01', 3),
	(134, '2025-01-13', 11250.00, 13, 'A-01', 2),
	(135, '2025-01-14', 12500.00, 14, 'A-01', 1),
	(136, '2025-01-15', 9500.00, 15, 'A-01', 6),
	(137, '2025-01-16', 8600.00, 16, 'A-01', 4),
	(138, '2025-01-17', 11050.00, 17, 'A-01', 5),
	(139, '2025-01-18', 9200.00, 18, 'A-01', 3),
	(140, '2025-01-19', 10100.00, 9, 'A-01', 2),
	(141, '2025-01-20', 11640.00, 10, 'A-01', 1),
	(142, '2025-01-21', 9800.00, 11, 'A-01', 2),
	(143, '2025-01-22', 12200.00, 12, 'A-01', 3),
	(144, '2025-01-23', 10850.00, 13, 'A-01', 4),
	(145, '2025-01-24', 10400.00, 14, 'A-01', 5),
	(146, '2025-01-25', 11100.00, 15, 'A-01', 6),
	(147, '2025-01-26', 11450.00, 16, 'A-01', 1),
	(148, '2025-01-27', 12150.00, 17, 'A-01', 2),
	(149, '2025-01-28', 9400.00, 18, 'A-01', 3),
	(150, '2025-01-29', 10620.00, 9, 'A-01', 4),
	(151, '2025-01-30', 11850.00, 10, 'A-01', 1),
	(152, '2025-01-31', 10450.00, 11, 'A-01', 2),
	(153, '2025-02-01', 10620.00, 12, 'A-01', 3),
	(154, '2025-02-02', 11230.00, 13, 'A-01', 4),
	(155, '2025-02-03', 9900.00, 14, 'A-01', 5),
	(156, '2025-02-04', 12010.00, 15, 'A-01', 6),
	(157, '2025-02-05', 10800.00, 16, 'A-01', 1),
	(158, '2025-02-06', 10650.00, 17, 'A-01', 2),
	(159, '2025-02-07', 11560.00, 18, 'A-01', 3),
	(160, '2025-02-08', 11350.00, 9, 'A-01', 4),
	(161, '2025-03-01', 11070.00, 10, 'A-01', 1),
	(162, '2025-03-02', 10230.00, 11, 'A-01', 2),
	(163, '2025-03-03', 10450.00, 12, 'A-01', 3),
	(164, '2025-03-04', 11380.00, 13, 'A-01', 4),
	(165, '2025-03-05', 10760.00, 14, 'A-01', 5),
	(166, '2025-03-06', 12140.00, 15, 'A-01', 6),
	(167, '2025-03-07', 10590.00, 16, 'A-01', 1),
	(168, '2025-03-08', 11080.00, 17, 'A-01', 2),
	(169, '2025-03-09', 11410.00, 18, 'A-01', 3),
	(170, '2025-03-10', 11840.00, 9, 'A-01', 4),
	(171, '2025-03-11', 10670.00, 10, 'A-01', 2),
	(172, '2025-03-12', 11130.00, 11, 'A-01', 3),
	(173, '2025-03-13', 11290.00, 12, 'A-01', 4),
	(174, '2025-03-14', 10750.00, 13, 'A-01', 5),
	(175, '2025-03-15', 10990.00, 14, 'A-01', 6),
	(176, '2025-03-16', 11940.00, 15, 'A-01', 1),
	(177, '2025-03-17', 10480.00, 16, 'A-01', 2),
	(178, '2025-03-18', 11660.00, 17, 'A-01', 3),
	(179, '2025-03-19', 11350.00, 18, 'A-01', 4),
	(180, '2025-03-20', 11830.00, 9, 'A-01', 5),
	(181, '2025-03-21', 11340.00, 10, 'A-01', 1),
	(182, '2025-03-22', 10660.00, 11, 'A-01', 2),
	(183, '2025-03-23', 12020.00, 12, 'A-01', 3),
	(184, '2025-03-24', 10780.00, 13, 'A-01', 4),
	(185, '2025-03-25', 11210.00, 14, 'A-01', 5),
	(186, '2025-03-26', 11180.00, 15, 'A-01', 6),
	(187, '2025-03-27', 10420.00, 16, 'A-01', 1),
	(188, '2025-03-28', 11370.00, 17, 'A-01', 2),
	(189, '2025-03-29', 11900.00, 18, 'A-01', 3),
	(190, '2025-03-30', 11810.00, 9, 'A-01', 4),
	(191, '2025-04-01', 9350.00, 10, 'A-01', 2),
	(192, '2025-04-02', 10600.00, 11, 'A-01', 4),
	(193, '2025-04-03', 11850.00, 12, 'A-01', 1),
	(194, '2025-04-04', 12030.00, 13, 'A-01', 3),
	(195, '2025-04-05', 11050.00, 14, 'A-01', 5),
	(196, '2025-04-06', 12260.00, 15, 'A-01', 6),
	(197, '2025-04-07', 10410.00, 16, 'A-01', 2),
	(198, '2025-04-08', 11230.00, 17, 'A-01', 4),
	(199, '2025-04-09', 12150.00, 18, 'A-01', 1),
	(200, '2025-04-10', 10770.00, 9, 'A-01', 3),
	(201, '2025-04-11', 11500.00, 10, 'A-01', 3),
	(202, '2025-04-12', 9900.00, 11, 'A-01', 2),
	(203, '2025-04-13', 12450.00, 12, 'A-01', 6),
	(204, '2025-04-14', 10600.00, 13, 'A-01', 1),
	(205, '2025-04-15', 11350.00, 14, 'A-01', 4),
	(206, '2025-04-16', 11980.00, 15, 'A-01', 5),
	(207, '2025-04-17', 10780.00, 16, 'A-01', 2),
	(208, '2025-04-18', 12540.00, 17, 'A-01', 3),
	(209, '2025-04-19', 11200.00, 18, 'A-01', 6),
	(210, '2025-04-20', 10830.00, 19, 'A-01', 4);

-- Volcando estructura para tabla storeonline.failed_jobs
DROP TABLE IF EXISTS `failed_jobs`;
CREATE TABLE IF NOT EXISTS `failed_jobs` (
  `id` bigint unsigned NOT NULL AUTO_INCREMENT,
  `uuid` varchar(255) COLLATE utf8mb4_unicode_ci NOT NULL,
  `connection` text COLLATE utf8mb4_unicode_ci NOT NULL,
  `queue` text COLLATE utf8mb4_unicode_ci NOT NULL,
  `payload` longtext COLLATE utf8mb4_unicode_ci NOT NULL,
  `exception` longtext COLLATE utf8mb4_unicode_ci NOT NULL,
  `failed_at` timestamp NOT NULL DEFAULT CURRENT_TIMESTAMP,
  PRIMARY KEY (`id`),
  UNIQUE KEY `failed_jobs_uuid_unique` (`uuid`)
) ENGINE=InnoDB DEFAULT CHARSET=utf8mb4 COLLATE=utf8mb4_unicode_ci;

-- Volcando datos para la tabla storeonline.failed_jobs: ~0 rows (aproximadamente)
DELETE FROM `failed_jobs`;

-- Volcando estructura para tabla storeonline.historial
DROP TABLE IF EXISTS `historial`;
CREATE TABLE IF NOT EXISTS `historial` (
  `idHistorial` int NOT NULL AUTO_INCREMENT,
  `descripcion` varchar(500) COLLATE utf8mb4_general_ci NOT NULL,
  `fecha` datetime NOT NULL,
  `idUsuario` int DEFAULT NULL,
  PRIMARY KEY (`idHistorial`),
  KEY `IX_Relationship13` (`idUsuario`),
  CONSTRAINT `Relationship13` FOREIGN KEY (`idUsuario`) REFERENCES `usuario` (`idUsuario`)
) ENGINE=InnoDB AUTO_INCREMENT=27 DEFAULT CHARSET=utf8mb4 COLLATE=utf8mb4_general_ci;

-- Volcando datos para la tabla storeonline.historial: ~26 rows (aproximadamente)
DELETE FROM `historial`;
INSERT INTO `historial` (`idHistorial`, `descripcion`, `fecha`, `idUsuario`) VALUES
	(1, 'sesión inicidada', '2024-11-19 21:01:07', 1),
	(2, 'sesión inicidada', '2024-11-20 18:59:46', 1),
	(3, '[GET|SESSION] :Inicio de sesión', '2024-11-20 07:46:42', 1),
	(4, '[GET|SESSION] :Inicio de sesión', '2024-11-20 07:46:56', 2),
	(5, '[GET] :Consulto los usuarios', '2024-11-20 07:47:03', 2),
	(6, '[GET] :Consulto los empleados', '2024-11-20 07:47:03', 2),
	(7, '[GET] :Consulto los roles', '2024-11-20 07:47:03', 2),
	(8, '[PUT] :Se actualizo un usuario > admin', '2024-11-20 07:47:24', 2),
	(9, '[GET] :Consulto los usuarios', '2024-11-20 07:47:25', 2),
	(10, '[GET] :Consulto los empleados', '2024-11-20 07:47:25', 2),
	(11, '[GET] :Consulto los roles', '2024-11-20 07:47:25', 2),
	(12, '[PUT] :Se actualizo un usuario > admin', '2024-11-20 07:47:32', 2),
	(13, '[GET] :Consulto los usuarios', '2024-11-20 07:47:33', 2),
	(14, '[GET] :Consulto los empleados', '2024-11-20 07:47:33', 2),
	(15, '[GET] :Consulto los roles', '2024-11-20 07:47:33', 2),
	(16, '[GET|SESSION] :Inicio de sesión', '2024-11-20 07:47:40', 1),
	(17, '[GET|SESSION] :Inicio de sesión', '2024-11-20 07:47:50', 2),
	(18, '[GET] :Consulto los usuarios', '2024-11-20 07:47:54', 2),
	(19, '[GET] :Consulto los empleados', '2024-11-20 07:47:55', 2),
	(20, '[GET] :Consulto los roles', '2024-11-20 07:47:55', 2),
	(21, '[POST] :Se agrego un nuevo usuario > Miguetz', '2024-11-20 07:49:00', 2),
	(22, '[GET] :Consulto los usuarios', '2024-11-20 07:49:01', 2),
	(23, '[GET] :Consulto los roles', '2024-11-20 07:49:01', 2),
	(24, '[GET] :Consulto los empleados', '2024-11-20 07:49:01', 2),
	(25, '[GET|SESSION] :Inicio de sesión', '2024-11-20 07:49:21', 3),
	(26, 'sesión inicidada', '2024-11-20 07:51:06', 2);

-- Volcando estructura para tabla storeonline.imagenproducto
DROP TABLE IF EXISTS `imagenproducto`;
CREATE TABLE IF NOT EXISTS `imagenproducto` (
  `idImagen` int NOT NULL AUTO_INCREMENT,
  `ruta` varchar(1000) COLLATE utf8mb4_general_ci NOT NULL,
  `nombre` varchar(50) COLLATE utf8mb4_general_ci NOT NULL,
  `idProducto` int DEFAULT NULL,
  PRIMARY KEY (`idImagen`),
  KEY `IX_Relationship8` (`idProducto`),
  CONSTRAINT `Relationship8` FOREIGN KEY (`idProducto`) REFERENCES `producto` (`idProducto`)
) ENGINE=InnoDB AUTO_INCREMENT=102 DEFAULT CHARSET=utf8mb4 COLLATE=utf8mb4_general_ci;

-- Volcando datos para la tabla storeonline.imagenproducto: ~101 rows (aproximadamente)
DELETE FROM `imagenproducto`;
INSERT INTO `imagenproducto` (`idImagen`, `ruta`, `nombre`, `idProducto`) VALUES
	(1, 'https://i.blogs.es/79a3b7/1366_2000/500_500.jpeg', 'Samsung Galaxy S21', 1),
	(2, 'https://www.lg.com/us/images/refrigerators/md07500695/gallery/desktop-01.jpg', 'LG Smart Refrigerator', 2),
	(3, 'https://www.hoxtonmacs.co.uk/cdn/shop/products/apple-macbook-pro-13-inch-macbook-pro-13-inch-m1-space-grey-2020-fair-40354911191356.jpg?v=1680262183', 'Apple MacBook Pro', 3),
	(4, 'https://encrypted-tbn0.gstatic.com/images?q=tbn:ANd9GcQwppz6o7Mf8cgG5x9DFpZtFefRvvBJ_cPNMQ&s', 'Sony Bravia TV', 4),
	(5, 'https://i.blogs.es/e28772/img_7621/1366_2000.jpg', 'Huawei MatePad Pro', 5),
	(6, 'https://i.blogs.es/7504f7/captura-de-pantalla-2022-08-11-a-las-15.23.49/650_1200.jpeg', 'Xiaomi Mi Smartwatch', 6),
	(7, 'https://www.cnet.com/a/img/resize/9d56072ccf4afebce8fb20e8d4e85c8d330399e1/hub/2017/09/26/4c6ec5f4-8dcb-45c7-8770-e87208e3d3ae/17bose-quietcomfort-35-ii.jpg?auto=webp&fit=crop&height=1200&width=1200', 'Bose QuietComfort 35', 7),
	(8, 'https://amateurphotographer.com/wp-content/uploads/sites/7/2020/12/Intro-1-Canon_EOS_R6.jpg', 'Canon EOS R6', 8),
	(9, 'https://i.blogs.es/cf5de6/switch/1366_2000.jpg', 'Nintendo Switch OLED', 9),
	(10, 'https://sm.ign.com/ign_latam/news/m/microsoft-/microsoft-working-on-why-ps5-outperforms-xbox-series-x-on-ce_q9vy.jpg', 'Microsoft Xbox Series X', 10),
	(11, 'https://i.blogs.es/f93223/iphone-13-pro-00-01/1366_2000.jpg', 'Apple iPhone 13', 11),
	(12, 'https://i.pinimg.com/736x/d4/74/88/d474886eafe1edd3d2fb0d20831777ba.jpg', 'LG InstaView Refrigerator', 12),
	(13, 'https://movicenter.com.pa/wp-content/uploads/2022/09/1260236-samsung-galaxy-tab-s7.jpg', 'Samsung Galaxy Tab S7', 13),
	(14, 'https://cellexportgt.com/cdn/shop/products/s-l1000_8fba621c-f45e-4e37-be4c-e9103836cee0.jpg?v=1655865379&width=1000', 'Sony WH-1000XM4', 14),
	(15, 'https://img.pacifiko.com/PROD/resize/0/1000x1000/Vogue-L29D.jpg', 'Huawei P40 Pro', 15),
	(16, 'https://cdn.dxomark.com/wp-content/uploads/medias/post-74427/bose_soundlink_revolveII.jpg', 'Bose SoundLink Revolve', 16),
	(17, 'https://i.blogs.es/e2801a/00-xiaomi-mi-11-01/840_560.jpg', 'Xiaomi Mi 11', 17),
	(18, 'https://www.ephotozine.com/articles/sony-alpha-xx-xx-announced-32006/images/highres-Sony-Alpha-A7-III-2-Custom_1519667443.jpg', 'Sony Alpha a7 III', 18),
	(19, 'https://i5.walmartimages.com/seo/Microsoft-Surface-Pro-7-12-3-Touch-Screen-Intel-Core-i7-16GB-Memory-512GB-Solid-State-Drive-Matte-Black-VAT-00016_b1bfeab5-7941-45c0-b9eb-9b1d6edb5f3c.4028a3c80729fd2f07f948d4e86c371e.jpeg', 'Microsoft Surface Laptop 4', 19),
	(20, 'https://www.tecnofacil.com.gt/media/catalog/product/cache/0a3c9f56440fe010e3e9b5a77fcf2268/H/R/HRHSDAZAA_2_1.jpg', 'Nintendo Switch Lite', 20),
	(21, 'https://gsmphone.co/wp-content/uploads/2022/10/SamsungGalaxyS22-1_900x.jpg', 'Samsung Galaxy S22', 21),
	(22, 'https://www.mercamarket88.com/data/productos/d_lg48c14lboled2.jpg', 'LG OLED55C1', 22),
	(23, 'https://puntonaranja.com.gt/wp-content/uploads/2022/08/TA100APL05-1-1024x1024.jpg', 'Apple iPad Pro 12.9"', 23),
	(24, 'https://m.media-amazon.com/images/I/410+YnkARyL.jpg', 'Sony WH-CH710N', 24),
	(25, 'https://www.resetdigitale.it/128674-thickbox_default/smartwatch-huawei-gt3-active-42mm-nero.jpg', 'Huawei Watch GT 3', 25),
	(26, 'https://i01.appmifile.com/webfile/globalimg/products/pc/redmi-note-11/mimg01.jpg', 'Xiaomi Redmi Note 11', 26),
	(27, 'https://www.bhphotovideo.com/images/images1000x1000/canon_3616c016_eos_90d_dslr_camera_1502489.jpg', 'Canon EOS 90D', 27),
	(28, 'https://lanoticia.com/wp-content/uploads/2021/05/amazon-nintendo-switch-pro.jpg', 'Nintendo Switch Pro', 28),
	(29, 'https://i.pcmag.com/imagery/reviews/01OQN7sePUgsfxPSDKD4n0G-2.fit_lim.size_768x432.v1633361884.jpg', 'Microsoft Surface Pro 8', 29),
	(30, 'https://i.ytimg.com/vi/pcBl8W1Od4w/maxresdefault.jpg', 'Samsung QLED Q60A', 30),
	(31, 'https://static.hub.91mobiles.com/wp-content/uploads/2020/10/LG-Gram-14.jpg', 'LG Gram 17', 31),
	(32, 'https://rbtv.disway.id/upload/d0ec8097416ba3aefcb27924860f37a1.jpeg', 'Apple MacBook Air M2', 32),
	(33, 'https://bloganchoi.com/wp-content/uploads/2022/09/ifa-2022-cong-nghe-11.jpg', 'Sony Xperia 10 IV', 33),
	(34, 'https://consumer.huawei.com/content/dam/huawei-cbg-site/mkt/by/plp/5-0/laptops/d14-2020-big.jpg', 'Huawei MateBook D15', 34),
	(35, 'https://joinet.com/wp-content/uploads/2021/04/M5.png', 'Xiaomi Mi Band 6', 35),
	(36, 'https://www.neboweb.nl/media/catalog/product/cache/1/image/600x/602f0fa2c1f0d1ba5e241f914e856ff9/2/6/269250_00.png', 'Canon PowerShot G7 X', 36),
	(37, 'https://files.refurbed.com/ii/nintendo-new-2ds-xl-1646221602.jpg', 'Nintendo 2DS XL', 37),
	(38, 'https://s1.kuantokusta.pt/img_upload/produtos_videojogos/113145_53_microsoft-xbox-one-elite-wireless-controller-series-2.jpg', 'Microsoft Xbox Elite Controller', 38),
	(39, 'https://m.media-amazon.com/images/I/41TxlDQKHlL.jpg', 'Samsung Galaxy Tab A7', 39),
	(40, 'https://electronicstore.com.pe/media/catalog/product/cache/1/image/9df78eab33525d08d6e5fb8d27136e95/1/s/1s-12s21.jpg', 'LG 27UL500-W', 40),
	(41, 'https://i.pinimg.com/originals/10/9d/fb/109dfb5711f54eb5230fe005dd5af844.jpg', 'Apple Watch Series 7', 41),
	(42, 'https://img.alicdn.com/bao/uploaded/O1CN01fObzA21uISp0y2S0j_!!6000000006014-0-yinhe.jpg_500x500.jpg', 'Sony Alpha A6400', 42),
	(43, 'https://technave.com/data/files/mall/article/202009101517599626.png', 'Huawei FreeBuds Pro', 43),
	(44, 'https://m.media-amazon.com/images/I/41C5yctI-tL._SL500_.jpg', 'Xiaomi Smart Air Purifier', 44),
	(45, 'https://pisces.bbystatic.com/image2/BestBuy_US/images/products/6356/6356231_rd.jpg', 'Canon PIXMA G6020', 45),
	(46, 'https://i.gadgets360cdn.com/large/gamecube_purple__1547458731074.jpg', 'Nintendo GameCube Classic', 46),
	(47, 'https://storage.comprasmartphone.com/smartphones/microsoft-surface-duo-2.png', 'Microsoft Surface Duo 2', 47),
	(48, 'https://leclaireur.fnac.com/wp-content/uploads/4d/8806092562554/9214365-pictures-defaut.png', 'Samsung Galaxy Z Fold 3', 48),
	(49, 'https://www.lg.com/us/images/tvs/md08000813/gallery/desktop-02.jpg', 'LG NanoCell 75 Series', 49),
	(50, 'https://brain-images-ssl.cdn.dixons.com/6/2/10207226/u_10207226.jpg', 'Apple AirPods Max', 50),
	(51, 'https://m.media-amazon.com/images/I/71lddEkg7cL.jpg', 'Samsung Galaxy A53', 51),
	(52, 'https://www.parkwaynigeria.com/wp-content/uploads/2022/01/LG-32UK50T-W-32-inch-4K-UHD-Monitor.jpg', 'LG 32UN500-W', 52),
	(53, 'https://assets.hardwarezone.com/img/2021/05/imac-intro1.jpg', 'Apple iMac 24"', 53),
	(54, 'https://m.media-amazon.com/images/I/61+btxzpfDL._AC_SL1500_.jpg', 'Sony WH-1000XM5', 54),
	(55, 'https://www.gizmochina.com/wp-content/uploads/2022/09/HUawei-Nova-10-SE.png', 'Huawei Nova 10', 55),
	(56, 'https://www.antarti.com/system/products/images/images/000/031/555/original/4f6659a9efad620ffdf7d8d8cee3003f.jpg', 'Xiaomi 12X', 56),
	(57, 'https://www.bhphotovideo.com/images/images1500x1500/canon_2727c002_eos_rebel_t7_dslr_1461734.jpg', 'Canon EOS Rebel T7', 57),
	(58, 'https://i.wfcdn.de/teaser/1920/38487.jpg', 'Nintendo Game & Watch', 58),
	(59, 'https://media.techtribune.net/uploads/2022/10/Surface-Studio-plus-Hero.jpg', 'Microsoft Surface Studio 2', 59),
	(60, 'https://img.welt.de/img/wirtschaft/webwelt/mobile163295452/4802508447-ci102l-w1024/Samsung-2.jpg', 'Samsung The Frame 2022', 60),
	(61, 'https://media.materiel.net/r900/products/MN0005632585_1.jpg', 'LG CineBeam HU70LA', 61),
	(62, 'https://gudagudablog.com/wp-content/uploads/2021/01/IMG_5448.jpg', 'Apple Magic Keyboard', 62),
	(63, 'https://cdn2.cellphones.com.vn/x/media/catalog/product/x/b/xb43_blue_1.jpg', 'Sony SRS-XB43', 63),
	(64, 'https://www.gadgetpilipinas.net/wp-content/uploads/2023/02/Huawei-MatePad-SE-10.4-PH-launch-soon-1-770x433.jpg', 'Huawei MatePad 11', 64),
	(65, 'https://www.startech.com.bd/image/cache/catalog/smart-band/xiaomi/smart-band-7/xiaomi-smart-band-7-black-01-500x500.jpg', 'Xiaomi Smart Band 7', 65),
	(66, 'https://www.bhphotovideo.com/images/images2500x2500/canon_2234c001_selphy_cp1300_compact_photo_1349456.jpg', 'Canon Selphy CP1300', 66),
	(67, 'https://i5.walmartimages.com/asr/765735dd-4c6a-4570-b80b-dfe64296453c.2a51685020fde9fd6b5113cff6bb4360.jpeg', 'Nintendo Switch Joy-Con', 67),
	(68, 'https://i5.walmartimages.com/asr/b98c89b5-033a-4057-b43e-99c913887dd9.35988d8f4d3fe04e2a09b068bdaa0062.jpeg', 'Microsoft Arc Mouse', 68),
	(69, 'https://afdalmuntajat.com/wp-content/uploads/2021/11/Tab-S7-Ecran-scaled-1-1.jpg', 'Samsung Galaxy Tab S8', 69),
	(70, 'https://imgeng.jagran.com/images/2024/05/10/template/image/LG-1715336928171.jpg', 'LG UltraGear 27GP950-B', 70),
	(71, 'https://img2.joongna.com/cafe-article-data/live/2023/07/17/1002099257/1689582428390_006_GO2fs_main.jpg', 'Samsung Galaxy M32', 71),
	(72, 'https://resources.claroshop.com/medios-plazavip/s2/10252/667429/5a8202be760f2-71f-jferpxl-1600x1600.jpg', 'LG Ultragear 24GL600F', 72),
	(73, 'https://cdn.mos.cms.futurecdn.net/6QbFZzDxe3LqFStGGksKLk.jpg', 'Apple Mac Mini M1', 73),
	(74, 'https://telefonika.com/wp-content/uploads/2021/02/Sony-HT-G700-3.1ch-Dolby-AtmosDTS-X-Soundbar.jpg', 'Sony HT-G700', 74),
	(75, 'https://www.gdgtme.com/wp-content/uploads/2021/02/Huawei-FreeLace-Pro-Review-6.jpg', 'Huawei FreeLace Pro', 75),
	(76, 'https://images.frandroid.com/wp-content/uploads/2021/08/xiaomi-mi-pad-5-pro-frandroid-2021.png', 'Xiaomi Mi Pad 5', 76),
	(77, 'https://www.cameralabs.com/wp-content/uploads/2020/07/canon-eos-r6-hero1-945x709.jpg', 'Canon EOS R6', 77),
	(78, 'https://cdn.mos.cms.futurecdn.net/b2iigLABgoNW5UQVPkg4vQ-1200-80.jpg', 'Nintendo Switch Lite Coral', 78),
	(79, 'https://cdn.mos.cms.futurecdn.net/4xypbR6bCaRSMpawkMnnoW-480-80.jpg', 'Microsoft Surface Go 3', 79),
	(80, 'https://images.samsung.com/kdp/static/pcd/lifestyle-tvs/the-serif/interior_05_mo.jpg', 'Samsung The Serif', 80),
	(81, 'https://www.on-mag.fr/images/stories/2021/05/gal_lg_xboom_go_pl7_on/LG_Xboom_Go_PL7_details_on_010.jpg', 'LG XBOOM Go PL7', 81),
	(82, 'https://www.ilounge.com/wp-content/uploads/2020/05/Apple-Pro-Display-XDR.jpg', 'Apple Pro Display XDR', 82),
	(83, 'https://www.bhphotovideo.com/images/images500x500/sony_srs_ra5000_wireless_speaker_1616496628_1630687.jpg', 'Sony SRS-RA5000', 83),
	(84, 'https://cdn.mos.cms.futurecdn.net/aRRfG7wN2Ek99nLMPsVTFY.jpg', 'Huawei MateBook X', 84),
	(85, 'https://www.notebookcheck.org/fileadmin/Notebooks/News/_nc3/Redmi_Smart_Band_Pro_drdNBC.jpg', 'Xiaomi Redmi Smart Band Pro', 85),
	(86, 'https://static.bhphoto.com/images/fb/1428256.jpg', 'Canon PIXMA TS9120', 86),
	(87, 'https://assets.vg247.com/current/2021/07/nintendo_switch_oled_white_1.jpg', 'Nintendo Switch OLED White', 87),
	(88, 'https://images.frandroid.com/wp-content/uploads/2020/09/microsoft-xbox-series-s-frandroid-2020.png', 'Microsoft Xbox Series S', 88),
	(89, 'https://images.idgesg.net/images/article/2021/05/primary-alt-2-100887990-large.jpg', 'Samsung Galaxy Book Pro 360', 89),
	(90, 'https://pisces.bbystatic.com/image2/BestBuy_US/images/products/5823/5823045_sd.jpg', 'LG UltraFine 5K', 90),
	(91, 'https://images.frandroid.com/wp-content/uploads/2020/01/samsung-galaxy-z-flip-frandroid-2020.png', 'Samsung Galaxy Z Flip 4', 91),
	(92, 'https://www.lg.com/us/images/monitors/md07000511/gallery/zoom-02.jpg', 'LG 34WN80C-B', 92),
	(93, 'https://live.staticflickr.com/2544/4057376721_f812556f69_b.jpg', 'Apple Magic Mouse', 93),
	(94, 'https://images.expertreviews.co.uk/wp-content/uploads/2021/07/sony_wf-1000xm4_review_earbuds_with_case.jpg', 'Sony WF-1000XM4', 94),
	(95, 'https://images.frandroid.com/wp-content/uploads/2023/05/huawei-p60-pro-frandroid-2023-e1683224106720.png', 'Huawei P60 Pro', 95),
	(96, 'https://elchapuzasinformatico.com/wp-content/uploads/2021/07/Xiaomi-Mi-Electric-Scooter-3-2.jpg', 'Xiaomi Mi Electric Scooter 3', 96),
	(97, 'https://amateurphotographer.com/wp-content/uploads/sites/7/2021/04/Canon-EOS-M50-Mark-II-02.jpg', 'Canon EOS M50 Mark II', 97),
	(98, 'https://shop.r10s.jp/otakarasouko/cabinet/_518/1240010413279_1.jpg', 'Nintendo Wii U Deluxe', 98),
	(99, 'https://cdn.wccftech.com/wp-content/uploads/2023/02/Surface-Laptop-Studio-2.jpg', 'Microsoft Surface Laptop Studio', 99),
	(100, 'https://m.media-amazon.com/images/I/61uKcMW9UOL._AC_UL1500_.jpg', 'Samsung Galaxy Watch 5', 100),
	(101, 'https://www.themarysue.com/wp-content/uploads/2024/09/playstation-5-pro.jpg', 'PlayStation 5 PRO', 101);

-- Volcando estructura para tabla storeonline.jobs
DROP TABLE IF EXISTS `jobs`;
CREATE TABLE IF NOT EXISTS `jobs` (
  `id` bigint unsigned NOT NULL AUTO_INCREMENT,
  `queue` varchar(255) COLLATE utf8mb4_unicode_ci NOT NULL,
  `payload` longtext COLLATE utf8mb4_unicode_ci NOT NULL,
  `attempts` tinyint unsigned NOT NULL,
  `reserved_at` int unsigned DEFAULT NULL,
  `available_at` int unsigned NOT NULL,
  `created_at` int unsigned NOT NULL,
  PRIMARY KEY (`id`),
  KEY `jobs_queue_index` (`queue`)
) ENGINE=InnoDB DEFAULT CHARSET=utf8mb4 COLLATE=utf8mb4_unicode_ci;

-- Volcando datos para la tabla storeonline.jobs: ~0 rows (aproximadamente)
DELETE FROM `jobs`;

-- Volcando estructura para tabla storeonline.job_batches
DROP TABLE IF EXISTS `job_batches`;
CREATE TABLE IF NOT EXISTS `job_batches` (
  `id` varchar(255) COLLATE utf8mb4_unicode_ci NOT NULL,
  `name` varchar(255) COLLATE utf8mb4_unicode_ci NOT NULL,
  `total_jobs` int NOT NULL,
  `pending_jobs` int NOT NULL,
  `failed_jobs` int NOT NULL,
  `failed_job_ids` longtext COLLATE utf8mb4_unicode_ci NOT NULL,
  `options` mediumtext COLLATE utf8mb4_unicode_ci,
  `cancelled_at` int DEFAULT NULL,
  `created_at` int NOT NULL,
  `finished_at` int DEFAULT NULL,
  PRIMARY KEY (`id`)
) ENGINE=InnoDB DEFAULT CHARSET=utf8mb4 COLLATE=utf8mb4_unicode_ci;

-- Volcando datos para la tabla storeonline.job_batches: ~0 rows (aproximadamente)
DELETE FROM `job_batches`;

-- Volcando estructura para tabla storeonline.marca
DROP TABLE IF EXISTS `marca`;
CREATE TABLE IF NOT EXISTS `marca` (
  `idMarca` int NOT NULL AUTO_INCREMENT,
  `nombre` varchar(50) COLLATE utf8mb4_general_ci NOT NULL,
  `estado` tinyint(1) NOT NULL DEFAULT '1',
  PRIMARY KEY (`idMarca`)
) ENGINE=InnoDB AUTO_INCREMENT=11 DEFAULT CHARSET=utf8mb4 COLLATE=utf8mb4_general_ci;

-- Volcando datos para la tabla storeonline.marca: ~10 rows (aproximadamente)
DELETE FROM `marca`;
INSERT INTO `marca` (`idMarca`, `nombre`, `estado`) VALUES
	(1, 'Samsung', 1),
	(2, 'LG', 1),
	(3, 'Apple', 1),
	(4, 'Sony', 1),
	(5, 'Huawei', 1),
	(6, 'Xiaomi', 1),
	(7, 'Bose', 1),
	(8, 'Canon', 1),
	(9, 'Nintendo', 1),
	(10, 'Microsoft', 1);

-- Volcando estructura para tabla storeonline.migrations
DROP TABLE IF EXISTS `migrations`;
CREATE TABLE IF NOT EXISTS `migrations` (
  `id` int unsigned NOT NULL AUTO_INCREMENT,
  `migration` varchar(255) COLLATE utf8mb4_unicode_ci NOT NULL,
  `batch` int NOT NULL,
  PRIMARY KEY (`id`)
) ENGINE=InnoDB AUTO_INCREMENT=4 DEFAULT CHARSET=utf8mb4 COLLATE=utf8mb4_unicode_ci;

-- Volcando datos para la tabla storeonline.migrations: ~3 rows (aproximadamente)
DELETE FROM `migrations`;
INSERT INTO `migrations` (`id`, `migration`, `batch`) VALUES
	(1, '0001_01_01_000000_create_users_table', 1),
	(2, '0001_01_01_000001_create_cache_table', 1),
	(3, '0001_01_01_000002_create_jobs_table', 1);

-- Volcando estructura para tabla storeonline.password_reset_tokens
DROP TABLE IF EXISTS `password_reset_tokens`;
CREATE TABLE IF NOT EXISTS `password_reset_tokens` (
  `email` varchar(255) COLLATE utf8mb4_unicode_ci NOT NULL,
  `token` varchar(255) COLLATE utf8mb4_unicode_ci NOT NULL,
  `created_at` timestamp NULL DEFAULT NULL,
  PRIMARY KEY (`email`)
) ENGINE=InnoDB DEFAULT CHARSET=utf8mb4 COLLATE=utf8mb4_unicode_ci;

-- Volcando datos para la tabla storeonline.password_reset_tokens: ~0 rows (aproximadamente)
DELETE FROM `password_reset_tokens`;

-- Volcando estructura para tabla storeonline.producto
DROP TABLE IF EXISTS `producto`;
CREATE TABLE IF NOT EXISTS `producto` (
  `idProducto` int NOT NULL AUTO_INCREMENT,
  `nombre` varchar(50) COLLATE utf8mb4_general_ci NOT NULL,
  `descripcion` varchar(500) COLLATE utf8mb4_general_ci DEFAULT NULL,
  `precioVenta` decimal(12,2) NOT NULL,
  `estado` tinyint(1) NOT NULL DEFAULT '1',
  `idTipoProducto` int DEFAULT NULL,
  `idMarca` int DEFAULT NULL,
  PRIMARY KEY (`idProducto`),
  KEY `IX_Relationship6` (`idTipoProducto`),
  KEY `IX_Relationship7` (`idMarca`),
  CONSTRAINT `Relationship6` FOREIGN KEY (`idTipoProducto`) REFERENCES `tipoproducto` (`idTipoProducto`),
  CONSTRAINT `Relationship7` FOREIGN KEY (`idMarca`) REFERENCES `marca` (`idMarca`)
) ENGINE=InnoDB AUTO_INCREMENT=102 DEFAULT CHARSET=utf8mb4 COLLATE=utf8mb4_general_ci;

-- Volcando datos para la tabla storeonline.producto: ~101 rows (aproximadamente)
DELETE FROM `producto`;
INSERT INTO `producto` (`idProducto`, `nombre`, `descripcion`, `precioVenta`, `estado`, `idTipoProducto`, `idMarca`) VALUES
	(1, 'Samsung Galaxy S21', 'Smartphone con pantalla AMOLED de 6.2 pulgadas', 799.99, 1, 1, 1),
	(2, 'LG Smart Refrigerator', 'Refrigerador inteligente con pantalla táctil y conexión WiFi', 1599.99, 1, 2, 2),
	(3, 'Apple MacBook Pro', 'Laptop con chip M1 de 13 pulgadas', 1299.99, 1, 3, 3),
	(4, 'Sony Bravia 55"', 'Televisor 4K UHD con HDR y Android TV', 999.99, 1, 4, 4),
	(5, 'Huawei MatePad Pro', 'Tablet con pantalla 10.8 pulgadas y procesador Kirin 9000E', 699.99, 1, 5, 5),
	(6, 'Xiaomi Mi Smartwatch', 'Smartwatch con pantalla AMOLED de 1.39 pulgadas', 199.99, 1, 6, 6),
	(7, 'Bose QuietComfort 35', 'Auriculares inalámbricos con cancelación de ruido', 349.99, 1, 7, 7),
	(8, 'Canon EOS R6', 'Cámara mirrorless de 20.1 MP y grabación 4K', 2499.99, 1, 8, 8),
	(9, 'Nintendo Switch OLED', 'Consola de videojuegos híbrida con pantalla OLED de 7 pulgadas', 349.99, 1, 9, 9),
	(10, 'Microsoft Xbox Series X', 'Consola de videojuegos 4K UHD con SSD de 1TB', 499.99, 1, 9, 10),
	(11, 'Apple iPhone 13', 'Smartphone con chip A15 Bionic y pantalla Super Retina XDR', 999.99, 1, 1, 3),
	(12, 'LG InstaView Refrigerator', 'Refrigerador con tecnología InstaView Door-in-Door', 1899.99, 1, 2, 2),
	(13, 'Samsung Galaxy Tab S7', 'Tablet con pantalla de 11 pulgadas y 120Hz de refresco', 649.99, 1, 5, 1),
	(14, 'Sony WH-1000XM4', 'Auriculares con cancelación de ruido y hasta 30 horas de batería', 299.99, 1, 7, 4),
	(15, 'Huawei P40 Pro', 'Smartphone con cámara Ultra Vision Leica de 50MP', 899.99, 1, 1, 5),
	(16, 'Bose SoundLink Revolve', 'Altavoz portátil con sonido de 360 grados', 199.99, 1, 10, 7),
	(17, 'Xiaomi Mi 11', 'Smartphone con pantalla AMOLED de 6.81 pulgadas y 120Hz de refresco', 749.99, 1, 1, 6),
	(18, 'Sony Alpha a7 III', 'Cámara mirrorless de fotograma completo con sensor de 24.2MP', 1999.99, 1, 8, 4),
	(19, 'Microsoft Surface Laptop 4', 'Laptop de 13.5 pulgadas con procesador Intel Core i5', 999.99, 1, 3, 10),
	(20, 'Nintendo Switch Lite', 'Consola portátil de videojuegos con pantalla de 5.5 pulgadas', 199.99, 1, 9, 9),
	(21, 'Samsung Galaxy S22', 'Smartphone con pantalla AMOLED de 6.1 pulgadas y procesador Exynos', 899.99, 1, 1, 1),
	(22, 'LG OLED55C1', 'Televisor OLED 4K de 55 pulgadas con HDR', 1299.99, 1, 4, 2),
	(23, 'Apple iPad Pro 12.9"', 'Tablet con pantalla Retina de 12.9 pulgadas y chip M1', 1099.99, 1, 5, 3),
	(24, 'Sony WH-CH710N', 'Auriculares inalámbricos con cancelación de ruido', 199.99, 1, 7, 4),
	(25, 'Huawei Watch GT 3', 'Smartwatch con pantalla AMOLED y duración de batería de 14 días', 249.99, 1, 6, 5),
	(26, 'Xiaomi Redmi Note 11', 'Smartphone con pantalla AMOLED de 6.43 pulgadas', 249.99, 1, 1, 6),
	(27, 'Canon EOS 90D', 'Cámara DSLR con sensor de 32.5 MP', 1199.99, 1, 8, 8),
	(28, 'Nintendo Switch Pro', 'Consola de videojuegos híbrida de última generación', 399.99, 1, 9, 9),
	(29, 'Microsoft Surface Pro 8', 'Tablet con pantalla táctil de 13 pulgadas y procesador Intel i7', 1099.99, 1, 5, 10),
	(30, 'Samsung QLED Q60A', 'Televisor QLED 4K de 65 pulgadas con HDR', 999.99, 1, 4, 1),
	(31, 'LG Gram 17', 'Laptop ultraligera con pantalla de 17 pulgadas', 1299.99, 1, 3, 2),
	(32, 'Apple MacBook Air M2', 'Laptop con chip M2 y pantalla Retina de 13 pulgadas', 999.99, 1, 3, 3),
	(33, 'Sony Xperia 10 IV', 'Smartphone con pantalla OLED de 6 pulgadas', 349.99, 1, 1, 4),
	(34, 'Huawei MateBook D15', 'Laptop con procesador Intel i5 y pantalla de 15 pulgadas', 799.99, 1, 3, 5),
	(35, 'Xiaomi Mi Band 6', 'Pulsera inteligente con pantalla AMOLED', 49.99, 1, 6, 6),
	(36, 'Canon PowerShot G7 X', 'Cámara compacta con sensor de 20 MP', 649.99, 1, 8, 8),
	(37, 'Nintendo 2DS XL', 'Consola portátil de videojuegos con pantalla dual', 149.99, 1, 9, 9),
	(38, 'Microsoft Xbox Elite Controller', 'Control inalámbrico de alto rendimiento', 179.99, 1, 9, 10),
	(39, 'Samsung Galaxy Tab A7', 'Tablet con pantalla de 10.4 pulgadas y procesador Snapdragon', 199.99, 1, 5, 1),
	(40, 'LG 27UL500-W', 'Monitor 4K UHD de 27 pulgadas', 349.99, 1, 4, 2),
	(41, 'Apple Watch Series 7', 'Smartwatch con pantalla Retina Always-On', 399.99, 1, 6, 3),
	(42, 'Sony Alpha A6400', 'Cámara mirrorless con enfoque automático rápido', 899.99, 1, 8, 4),
	(43, 'Huawei FreeBuds Pro', 'Auriculares inalámbricos con cancelación activa de ruido', 149.99, 1, 7, 5),
	(44, 'Xiaomi Smart Air Purifier', 'Purificador de aire inteligente con conectividad Wi-Fi', 199.99, 1, 10, 6),
	(45, 'Canon PIXMA G6020', 'Impresora multifunción con sistema de tinta continua', 249.99, 1, 11, 8),
	(46, 'Nintendo GameCube Classic', 'Consola retro de videojuegos', 99.99, 1, 9, 9),
	(47, 'Microsoft Surface Duo 2', 'Dispositivo móvil de doble pantalla con Android', 1499.99, 1, 1, 10),
	(48, 'Samsung Galaxy Z Fold 3', 'Smartphone plegable con pantalla de 7.6 pulgadas', 1799.99, 1, 1, 1),
	(49, 'LG NanoCell 75 Series', 'Televisor 4K UHD con tecnología NanoCell', 1099.99, 1, 4, 2),
	(50, 'Apple AirPods Max', 'Auriculares inalámbricos premium con audio espacial', 549.99, 1, 7, 3),
	(51, 'Samsung Galaxy A53', 'Smartphone con pantalla AMOLED de 6.5 pulgadas y cámara cuádruple', 399.99, 1, 1, 1),
	(52, 'LG 32UN500-W', 'Monitor 4K UHD de 32 pulgadas con HDR10', 349.99, 1, 4, 2),
	(53, 'Apple iMac 24"', 'Computadora de escritorio con pantalla Retina 4.5K', 1499.99, 1, 3, 3),
	(54, 'Sony WH-1000XM5', 'Auriculares inalámbricos premium con cancelación de ruido líder', 399.99, 1, 7, 4),
	(55, 'Huawei Nova 10', 'Smartphone con diseño ultradelgado y cámara de 60 MP', 499.99, 1, 1, 5),
	(56, 'Xiaomi 12X', 'Smartphone con procesador Snapdragon 870 y pantalla AMOLED', 599.99, 1, 1, 6),
	(57, 'Canon EOS Rebel T7', 'Cámara DSLR con sensor de 24.1 MP y lente 18-55mm', 449.99, 1, 8, 8),
	(58, 'Nintendo Game & Watch', 'Consola retro con diseño clásico y juegos preinstalados', 49.99, 1, 9, 9),
	(59, 'Microsoft Surface Studio 2', 'Computadora todo-en-uno con pantalla táctil PixelSense', 3499.99, 1, 3, 10),
	(60, 'Samsung The Frame 2022', 'Televisor QLED 4K con diseño de marco de arte', 1299.99, 1, 4, 1),
	(61, 'LG CineBeam HU70LA', 'Proyector 4K UHD con HDR y compatibilidad inteligente', 1699.99, 1, 4, 2),
	(62, 'Apple Magic Keyboard', 'Teclado inalámbrico con retroiluminación para iPad y Mac', 129.99, 1, 10, 3),
	(63, 'Sony SRS-XB43', 'Altavoz inalámbrico portátil con EXTRA BASS', 229.99, 1, 10, 4),
	(64, 'Huawei MatePad 11', 'Tablet con pantalla de 11 pulgadas y 120 Hz', 329.99, 1, 5, 5),
	(65, 'Xiaomi Smart Band 7', 'Pulsera inteligente con pantalla AMOLED y monitoreo de salud', 49.99, 1, 6, 6),
	(66, 'Canon Selphy CP1300', 'Impresora fotográfica portátil con conexión Wi-Fi', 129.99, 1, 11, 8),
	(67, 'Nintendo Switch Joy-Con', 'Controladores inalámbricos para la consola Nintendo Switch', 79.99, 1, 9, 9),
	(68, 'Microsoft Arc Mouse', 'Mouse ergonómico e inalámbrico con diseño plegable', 79.99, 1, 10, 10),
	(69, 'Samsung Galaxy Tab S8', 'Tablet con pantalla de 11 pulgadas y procesador Snapdragon 8 Gen 1', 699.99, 1, 5, 1),
	(70, 'LG UltraGear 27GP950-B', 'Monitor gaming 4K UHD de 27 pulgadas con 144 Hz', 799.99, 1, 4, 2),
	(71, 'Samsung Galaxy M32', 'Smartphone con pantalla AMOLED de 6.4 pulgadas y batería de 6000 mAh', 249.99, 1, 1, 1),
	(72, 'LG Ultragear 24GL600F', 'Monitor gaming Full HD de 24 pulgadas con 144 Hz', 199.99, 1, 4, 2),
	(73, 'Apple Mac Mini M1', 'Computadora compacta con chip M1 y 256GB SSD', 699.99, 1, 3, 3),
	(74, 'Sony HT-G700', 'Barra de sonido Dolby Atmos de 3.1 canales', 599.99, 1, 10, 4),
	(75, 'Huawei FreeLace Pro', 'Auriculares inalámbricos con diseño deportivo y cancelación de ruido', 119.99, 1, 7, 5),
	(76, 'Xiaomi Mi Pad 5', 'Tablet con pantalla de 11 pulgadas y procesador Snapdragon 860', 329.99, 1, 5, 6),
	(77, 'Canon EOS R6', 'Cámara mirrorless con sensor de 20 MP y grabación 4K', 2499.99, 1, 8, 8),
	(78, 'Nintendo Switch Lite Coral', 'Consola portátil de videojuegos en color coral', 199.99, 1, 9, 9),
	(79, 'Microsoft Surface Go 3', 'Tablet con pantalla de 10.5 pulgadas y procesador Intel Pentium', 399.99, 1, 5, 10),
	(80, 'Samsung The Serif', 'Televisor QLED 4K con diseño único y soporte de pie', 1099.99, 1, 4, 1),
	(81, 'LG XBOOM Go PL7', 'Altavoz portátil Bluetooth con iluminación LED', 149.99, 1, 10, 2),
	(82, 'Apple Pro Display XDR', 'Monitor 6K Retina de 32 pulgadas para profesionales', 4999.99, 1, 4, 3),
	(83, 'Sony SRS-RA5000', 'Altavoz inalámbrico premium con sonido de 360 grados', 599.99, 1, 10, 4),
	(84, 'Huawei MateBook X', 'Laptop ultraligera con pantalla táctil de 13 pulgadas', 1499.99, 1, 3, 5),
	(85, 'Xiaomi Redmi Smart Band Pro', 'Pulsera inteligente con pantalla AMOLED y monitoreo deportivo', 59.99, 1, 6, 6),
	(86, 'Canon PIXMA TS9120', 'Impresora multifunción con impresión de alta resolución', 199.99, 1, 11, 8),
	(87, 'Nintendo Switch OLED White', 'Consola híbrida con pantalla OLED de 7 pulgadas', 349.99, 1, 9, 9),
	(88, 'Microsoft Xbox Series S', 'Consola de videojuegos de próxima generación con diseño compacto', 299.99, 1, 9, 10),
	(89, 'Samsung Galaxy Book Pro 360', 'Laptop convertible con pantalla AMOLED de 13.3 pulgadas', 1099.99, 1, 3, 1),
	(90, 'LG UltraFine 5K', 'Monitor profesional con resolución 5K y compatibilidad con Mac', 1299.99, 1, 4, 2),
	(91, 'Samsung Galaxy Z Flip 4', 'Smartphone plegable con pantalla AMOLED de 6.7 pulgadas', 999.99, 1, 1, 1),
	(92, 'LG 34WN80C-B', 'Monitor ultrapanorámico QHD de 34 pulgadas con USB-C', 599.99, 1, 4, 2),
	(93, 'Apple Magic Mouse', 'Mouse inalámbrico con diseño minimalista', 79.99, 1, 10, 3),
	(94, 'Sony WF-1000XM4', 'Auriculares inalámbricos con cancelación activa de ruido', 279.99, 1, 7, 4),
	(95, 'Huawei P60 Pro', 'Smartphone con cámara Leica y pantalla OLED curva', 1199.99, 1, 1, 5),
	(96, 'Xiaomi Mi Electric Scooter 3', 'Scooter eléctrico plegable con autonomía de 30 km', 449.99, 1, 10, 6),
	(97, 'Canon EOS M50 Mark II', 'Cámara mirrorless con sensor de 24.1 MP y grabación 4K', 699.99, 1, 8, 8),
	(98, 'Nintendo Wii U Deluxe', 'Consola híbrida con juegos clásicos y pantalla táctil', 299.99, 1, 9, 9),
	(99, 'Microsoft Surface Laptop Studio', 'Laptop convertible con pantalla táctil PixelSense', 1599.99, 1, 3, 10),
	(100, 'Samsung Galaxy Watch 5', 'Smartwatch con monitoreo avanzado de salud y batería de larga duración', 299.99, 1, 6, 1),
	(101, 'PlayStation 5 PRO', 'Consola de videojuegos de Sony.', 699.99, 0, 9, 4);

-- Volcando estructura para tabla storeonline.rol
DROP TABLE IF EXISTS `rol`;
CREATE TABLE IF NOT EXISTS `rol` (
  `idRol` int NOT NULL AUTO_INCREMENT,
  `nombre` varchar(30) COLLATE utf8mb4_general_ci NOT NULL,
  `estado` tinyint(1) NOT NULL DEFAULT '1',
  PRIMARY KEY (`idRol`)
) ENGINE=InnoDB AUTO_INCREMENT=3 DEFAULT CHARSET=utf8mb4 COLLATE=utf8mb4_general_ci;

-- Volcando datos para la tabla storeonline.rol: ~2 rows (aproximadamente)
DELETE FROM `rol`;
INSERT INTO `rol` (`idRol`, `nombre`, `estado`) VALUES
	(1, 'Administrador', 1),
	(2, 'Gerente', 1);

-- Volcando estructura para tabla storeonline.rproductosucursal
DROP TABLE IF EXISTS `rproductosucursal`;
CREATE TABLE IF NOT EXISTS `rproductosucursal` (
  `idProductoSucursal` int NOT NULL AUTO_INCREMENT,
  `cantidad` int NOT NULL,
  `idProducto` int DEFAULT NULL,
  `idSucursal` int DEFAULT NULL,
  PRIMARY KEY (`idProductoSucursal`),
  KEY `IX_Relationship9` (`idProducto`),
  KEY `IX_Relationship10` (`idSucursal`),
  CONSTRAINT `Relationship10` FOREIGN KEY (`idSucursal`) REFERENCES `sucursal` (`idSucursal`),
  CONSTRAINT `Relationship9` FOREIGN KEY (`idProducto`) REFERENCES `producto` (`idProducto`)
) ENGINE=InnoDB AUTO_INCREMENT=601 DEFAULT CHARSET=utf8mb4 COLLATE=utf8mb4_general_ci;

-- Volcando datos para la tabla storeonline.rproductosucursal: ~600 rows (aproximadamente)
DELETE FROM `rproductosucursal`;
INSERT INTO `rproductosucursal` (`idProductoSucursal`, `cantidad`, `idProducto`, `idSucursal`) VALUES
	(1, 4, 1, 1),
	(2, 12, 2, 1),
	(3, 7, 3, 1),
	(4, 20, 4, 1),
	(5, 33, 5, 1),
	(6, 8, 6, 1),
	(7, 15, 7, 1),
	(8, 9, 8, 1),
	(9, 14, 9, 1),
	(10, 21, 10, 1),
	(11, 10, 11, 1),
	(12, 18, 12, 1),
	(13, 6, 13, 1),
	(14, 25, 14, 1),
	(15, 30, 15, 1),
	(16, 17, 16, 1),
	(17, 3, 17, 1),
	(18, 13, 18, 1),
	(19, 4, 19, 1),
	(20, 22, 20, 1),
	(21, 7, 1, 2),
	(22, 19, 2, 2),
	(23, 11, 3, 2),
	(24, 5, 4, 2),
	(25, 8, 5, 2),
	(26, 23, 6, 2),
	(27, 14, 7, 2),
	(28, 7, 8, 2),
	(29, 12, 9, 2),
	(30, 18, 10, 2),
	(31, 16, 11, 2),
	(32, 9, 12, 2),
	(33, 21, 13, 2),
	(34, 4, 14, 2),
	(35, 27, 15, 2),
	(36, 11, 16, 2),
	(37, 13, 17, 2),
	(38, 3, 18, 2),
	(39, 25, 19, 2),
	(40, 15, 20, 2),
	(41, 13, 1, 3),
	(42, 17, 2, 3),
	(43, 5, 3, 3),
	(44, 8, 4, 3),
	(45, 6, 5, 3),
	(46, 15, 6, 3),
	(47, 9, 7, 3),
	(48, 4, 8, 3),
	(49, 21, 9, 3),
	(50, 16, 10, 3),
	(51, 12, 11, 3),
	(52, 10, 12, 3),
	(53, 7, 13, 3),
	(54, 23, 14, 3),
	(55, 11, 15, 3),
	(56, 19, 16, 3),
	(57, 14, 17, 3),
	(58, 6, 18, 3),
	(59, 20, 19, 3),
	(60, 9, 20, 3),
	(61, 9, 1, 4),
	(62, 10, 2, 4),
	(63, 22, 3, 4),
	(64, 14, 4, 4),
	(65, 18, 5, 4),
	(66, 13, 6, 4),
	(67, 8, 7, 4),
	(68, 11, 8, 4),
	(69, 3, 9, 4),
	(70, 17, 10, 4),
	(71, 4, 11, 4),
	(72, 25, 12, 4),
	(73, 10, 13, 4),
	(74, 16, 14, 4),
	(75, 6, 15, 4),
	(76, 12, 16, 4),
	(77, 7, 17, 4),
	(78, 15, 18, 4),
	(79, 19, 19, 4),
	(80, 2, 20, 4),
	(81, 20, 1, 5),
	(82, 9, 2, 5),
	(83, 6, 3, 5),
	(84, 11, 4, 5),
	(85, 10, 5, 5),
	(86, 7, 6, 5),
	(87, 18, 7, 5),
	(88, 4, 8, 5),
	(89, 22, 9, 5),
	(90, 15, 10, 5),
	(91, 3, 11, 5),
	(92, 19, 12, 5),
	(93, 9, 13, 5),
	(94, 13, 14, 5),
	(95, 16, 15, 5),
	(96, 8, 16, 5),
	(97, 12, 17, 5),
	(98, 5, 18, 5),
	(99, 17, 19, 5),
	(100, 21, 20, 5),
	(101, 15, 1, 6),
	(102, 4, 2, 6),
	(103, 19, 3, 6),
	(104, 7, 4, 6),
	(105, 12, 5, 6),
	(106, 16, 6, 6),
	(107, 14, 7, 6),
	(108, 9, 8, 6),
	(109, 5, 9, 6),
	(110, 20, 10, 6),
	(111, 18, 11, 6),
	(112, 3, 12, 6),
	(113, 8, 13, 6),
	(114, 22, 14, 6),
	(115, 6, 15, 6),
	(116, 17, 16, 6),
	(117, 13, 17, 6),
	(118, 10, 18, 6),
	(119, 11, 19, 6),
	(120, 2, 20, 6),
	(121, 15, 21, 1),
	(122, 9, 22, 1),
	(123, 18, 23, 1),
	(124, 6, 24, 1),
	(125, 12, 25, 1),
	(126, 4, 26, 1),
	(127, 22, 27, 1),
	(128, 7, 28, 1),
	(129, 14, 29, 1),
	(130, 10, 30, 1),
	(131, 5, 31, 1),
	(132, 17, 32, 1),
	(133, 13, 33, 1),
	(134, 20, 34, 1),
	(135, 8, 35, 1),
	(136, 11, 36, 1),
	(137, 3, 37, 1),
	(138, 25, 38, 1),
	(139, 19, 39, 1),
	(140, 9, 40, 1),
	(141, 12, 21, 2),
	(142, 19, 22, 2),
	(143, 11, 23, 2),
	(144, 14, 24, 2),
	(145, 10, 25, 2),
	(146, 16, 26, 2),
	(147, 7, 27, 2),
	(148, 5, 28, 2),
	(149, 22, 29, 2),
	(150, 8, 30, 2),
	(151, 20, 31, 2),
	(152, 9, 32, 2),
	(153, 3, 33, 2),
	(154, 15, 34, 2),
	(155, 14, 35, 2),
	(156, 7, 36, 2),
	(157, 13, 37, 2),
	(158, 18, 38, 2),
	(159, 17, 39, 2),
	(160, 4, 40, 2),
	(161, 8, 21, 3),
	(162, 6, 22, 3),
	(163, 14, 23, 3),
	(164, 3, 24, 3),
	(165, 17, 25, 3),
	(166, 13, 26, 3),
	(167, 9, 27, 3),
	(168, 11, 28, 3),
	(169, 16, 29, 3),
	(170, 10, 30, 3),
	(171, 7, 31, 3),
	(172, 22, 32, 3),
	(173, 5, 33, 3),
	(174, 12, 34, 3),
	(175, 14, 35, 3),
	(176, 20, 36, 3),
	(177, 18, 37, 3),
	(178, 21, 38, 3),
	(179, 6, 39, 3),
	(180, 19, 40, 3),
	(181, 11, 21, 4),
	(182, 13, 22, 4),
	(183, 4, 23, 4),
	(184, 18, 24, 4),
	(185, 7, 25, 4),
	(186, 9, 26, 4),
	(187, 12, 27, 4),
	(188, 19, 28, 4),
	(189, 8, 29, 4),
	(190, 3, 30, 4),
	(191, 17, 31, 4),
	(192, 10, 32, 4),
	(193, 21, 33, 4),
	(194, 5, 34, 4),
	(195, 22, 35, 4),
	(196, 6, 36, 4),
	(197, 20, 37, 4),
	(198, 14, 38, 4),
	(199, 15, 39, 4),
	(200, 9, 40, 4),
	(201, 10, 21, 5),
	(202, 5, 22, 5),
	(203, 19, 23, 5),
	(204, 7, 24, 5),
	(205, 22, 25, 5),
	(206, 4, 26, 5),
	(207, 17, 27, 5),
	(208, 8, 28, 5),
	(209, 6, 29, 5),
	(210, 13, 30, 5),
	(211, 3, 31, 5),
	(212, 12, 32, 5),
	(213, 21, 33, 5),
	(214, 20, 34, 5),
	(215, 18, 35, 5),
	(216, 15, 36, 5),
	(217, 11, 37, 5),
	(218, 7, 38, 5),
	(219, 16, 39, 5),
	(220, 14, 40, 5),
	(221, 14, 21, 6),
	(222, 17, 22, 6),
	(223, 7, 23, 6),
	(224, 11, 24, 6),
	(225, 20, 25, 6),
	(226, 5, 26, 6),
	(227, 18, 27, 6),
	(228, 6, 28, 6),
	(229, 12, 29, 6),
	(230, 15, 30, 6),
	(231, 9, 31, 6),
	(232, 4, 32, 6),
	(233, 13, 33, 6),
	(234, 22, 34, 6),
	(235, 10, 35, 6),
	(236, 8, 36, 6),
	(237, 3, 37, 6),
	(238, 16, 38, 6),
	(239, 19, 39, 6),
	(240, 21, 40, 6),
	(241, 14, 41, 1),
	(242, 7, 42, 1),
	(243, 9, 43, 1),
	(244, 18, 44, 1),
	(245, 6, 45, 1),
	(246, 21, 46, 1),
	(247, 13, 47, 1),
	(248, 10, 48, 1),
	(249, 8, 49, 1),
	(250, 22, 50, 1),
	(251, 5, 51, 1),
	(252, 19, 52, 1),
	(253, 3, 53, 1),
	(254, 17, 54, 1),
	(255, 11, 55, 1),
	(256, 12, 56, 1),
	(257, 16, 57, 1),
	(258, 4, 58, 1),
	(259, 20, 59, 1),
	(260, 9, 60, 1),
	(261, 10, 41, 2),
	(262, 5, 42, 2),
	(263, 17, 43, 2),
	(264, 8, 44, 2),
	(265, 15, 45, 2),
	(266, 9, 46, 2),
	(267, 19, 47, 2),
	(268, 6, 48, 2),
	(269, 13, 49, 2),
	(270, 11, 50, 2),
	(271, 3, 51, 2),
	(272, 21, 52, 2),
	(273, 14, 53, 2),
	(274, 7, 54, 2),
	(275, 12, 55, 2),
	(276, 16, 56, 2),
	(277, 4, 57, 2),
	(278, 20, 58, 2),
	(279, 18, 59, 2),
	(280, 6, 60, 2),
	(281, 9, 41, 3),
	(282, 3, 42, 3),
	(283, 22, 43, 3),
	(284, 6, 44, 3),
	(285, 11, 45, 3),
	(286, 20, 46, 3),
	(287, 8, 47, 3),
	(288, 17, 48, 3),
	(289, 14, 49, 3),
	(290, 12, 50, 3),
	(291, 5, 51, 3),
	(292, 19, 52, 3),
	(293, 7, 53, 3),
	(294, 10, 54, 3),
	(295, 4, 55, 3),
	(296, 13, 56, 3),
	(297, 16, 57, 3),
	(298, 15, 58, 3),
	(299, 18, 59, 3),
	(300, 9, 60, 3),
	(301, 7, 41, 4),
	(302, 16, 42, 4),
	(303, 12, 43, 4),
	(304, 4, 44, 4),
	(305, 20, 45, 4),
	(306, 13, 46, 4),
	(307, 6, 47, 4),
	(308, 10, 48, 4),
	(309, 8, 49, 4),
	(310, 17, 50, 4),
	(311, 3, 51, 4),
	(312, 14, 52, 4),
	(313, 19, 53, 4),
	(314, 5, 54, 4),
	(315, 22, 55, 4),
	(316, 15, 56, 4),
	(317, 11, 57, 4),
	(318, 9, 58, 4),
	(319, 18, 59, 4),
	(320, 7, 60, 4),
	(321, 11, 41, 5),
	(322, 9, 42, 5),
	(323, 14, 43, 5),
	(324, 19, 44, 5),
	(325, 5, 45, 5),
	(326, 16, 46, 5),
	(327, 10, 47, 5),
	(328, 3, 48, 5),
	(329, 12, 49, 5),
	(330, 7, 50, 5),
	(331, 22, 51, 5),
	(332, 4, 52, 5),
	(333, 20, 53, 5),
	(334, 6, 54, 5),
	(335, 18, 55, 5),
	(336, 13, 56, 5),
	(337, 8, 57, 5),
	(338, 15, 58, 5),
	(339, 17, 59, 5),
	(340, 21, 60, 5),
	(341, 13, 41, 6),
	(342, 6, 42, 6),
	(343, 10, 43, 6),
	(344, 15, 44, 6),
	(345, 17, 45, 6),
	(346, 4, 46, 6),
	(347, 21, 47, 6),
	(348, 9, 48, 6),
	(349, 14, 49, 6),
	(350, 8, 50, 6),
	(351, 20, 51, 6),
	(352, 3, 52, 6),
	(353, 5, 53, 6),
	(354, 11, 54, 6),
	(355, 19, 55, 6),
	(356, 7, 56, 6),
	(357, 18, 57, 6),
	(358, 12, 58, 6),
	(359, 16, 59, 6),
	(360, 22, 60, 6),
	(361, 12, 61, 1),
	(362, 5, 62, 1),
	(363, 17, 63, 1),
	(364, 9, 64, 1),
	(365, 14, 65, 1),
	(366, 6, 66, 1),
	(367, 22, 67, 1),
	(368, 7, 68, 1),
	(369, 13, 69, 1),
	(370, 19, 70, 1),
	(371, 8, 71, 1),
	(372, 16, 72, 1),
	(373, 3, 73, 1),
	(374, 11, 74, 1),
	(375, 18, 75, 1),
	(376, 20, 76, 1),
	(377, 10, 77, 1),
	(378, 4, 78, 1),
	(379, 15, 79, 1),
	(380, 21, 80, 1),
	(381, 9, 61, 2),
	(382, 12, 62, 2),
	(383, 7, 63, 2),
	(384, 19, 64, 2),
	(385, 5, 65, 2),
	(386, 17, 66, 2),
	(387, 11, 67, 2),
	(388, 6, 68, 2),
	(389, 15, 69, 2),
	(390, 22, 70, 2),
	(391, 8, 71, 2),
	(392, 13, 72, 2),
	(393, 20, 73, 2),
	(394, 3, 74, 2),
	(395, 16, 75, 2),
	(396, 10, 76, 2),
	(397, 4, 77, 2),
	(398, 21, 78, 2),
	(399, 18, 79, 2),
	(400, 14, 80, 2),
	(401, 11, 61, 3),
	(402, 18, 62, 3),
	(403, 6, 63, 3),
	(404, 14, 64, 3),
	(405, 8, 65, 3),
	(406, 5, 66, 3),
	(407, 20, 67, 3),
	(408, 10, 68, 3),
	(409, 12, 69, 3),
	(410, 4, 70, 3),
	(411, 15, 71, 3),
	(412, 7, 72, 3),
	(413, 3, 73, 3),
	(414, 16, 74, 3),
	(415, 9, 75, 3),
	(416, 22, 76, 3),
	(417, 17, 77, 3),
	(418, 19, 78, 3),
	(419, 13, 79, 3),
	(420, 21, 80, 3),
	(421, 13, 61, 4),
	(422, 10, 62, 4),
	(423, 8, 63, 4),
	(424, 5, 64, 4),
	(425, 17, 65, 4),
	(426, 14, 66, 4),
	(427, 4, 67, 4),
	(428, 19, 68, 4),
	(429, 22, 69, 4),
	(430, 6, 70, 4),
	(431, 9, 71, 4),
	(432, 3, 72, 4),
	(433, 12, 73, 4),
	(434, 20, 74, 4),
	(435, 11, 75, 4),
	(436, 7, 76, 4),
	(437, 21, 77, 4),
	(438, 18, 78, 4),
	(439, 16, 79, 4),
	(440, 15, 80, 4),
	(441, 15, 61, 5),
	(442, 9, 62, 5),
	(443, 3, 63, 5),
	(444, 20, 64, 5),
	(445, 13, 65, 5),
	(446, 16, 66, 5),
	(447, 7, 67, 5),
	(448, 22, 68, 5),
	(449, 11, 69, 5),
	(450, 5, 70, 5),
	(451, 4, 71, 5),
	(452, 10, 72, 5),
	(453, 18, 73, 5),
	(454, 6, 74, 5),
	(455, 21, 75, 5),
	(456, 17, 76, 5),
	(457, 8, 77, 5),
	(458, 19, 78, 5),
	(459, 12, 79, 5),
	(460, 14, 80, 5),
	(461, 10, 61, 6),
	(462, 8, 62, 6),
	(463, 21, 63, 6),
	(464, 17, 64, 6),
	(465, 3, 65, 6),
	(466, 15, 66, 6),
	(467, 12, 67, 6),
	(468, 14, 68, 6),
	(469, 7, 69, 6),
	(470, 19, 70, 6),
	(471, 5, 71, 6),
	(472, 11, 72, 6),
	(473, 6, 73, 6),
	(474, 13, 74, 6),
	(475, 9, 75, 6),
	(476, 4, 76, 6),
	(477, 16, 77, 6),
	(478, 20, 78, 6),
	(479, 18, 79, 6),
	(480, 22, 80, 6),
	(481, 15, 81, 1),
	(482, 6, 82, 1),
	(483, 12, 83, 1),
	(484, 8, 84, 1),
	(485, 19, 85, 1),
	(486, 7, 86, 1),
	(487, 14, 87, 1),
	(488, 4, 88, 1),
	(489, 21, 89, 1),
	(490, 10, 90, 1),
	(491, 22, 91, 1),
	(492, 9, 92, 1),
	(493, 16, 93, 1),
	(494, 5, 94, 1),
	(495, 11, 95, 1),
	(496, 3, 96, 1),
	(497, 17, 97, 1),
	(498, 13, 98, 1),
	(499, 18, 99, 1),
	(500, 20, 100, 1),
	(501, 10, 81, 2),
	(502, 14, 82, 2),
	(503, 5, 83, 2),
	(504, 21, 84, 2),
	(505, 7, 85, 2),
	(506, 12, 86, 2),
	(507, 18, 87, 2),
	(508, 8, 88, 2),
	(509, 3, 89, 2),
	(510, 22, 90, 2),
	(511, 19, 91, 2),
	(512, 16, 92, 2),
	(513, 6, 93, 2),
	(514, 11, 94, 2),
	(515, 20, 95, 2),
	(516, 9, 96, 2),
	(517, 13, 97, 2),
	(518, 4, 98, 2),
	(519, 17, 99, 2),
	(520, 15, 100, 2),
	(521, 18, 81, 3),
	(522, 3, 82, 3),
	(523, 9, 83, 3),
	(524, 16, 84, 3),
	(525, 20, 85, 3),
	(526, 6, 86, 3),
	(527, 11, 87, 3),
	(528, 19, 88, 3),
	(529, 7, 89, 3),
	(530, 13, 90, 3),
	(531, 10, 91, 3),
	(532, 8, 92, 3),
	(533, 15, 93, 3),
	(534, 4, 94, 3),
	(535, 12, 95, 3),
	(536, 17, 96, 3),
	(537, 5, 97, 3),
	(538, 21, 98, 3),
	(539, 14, 99, 3),
	(540, 22, 100, 3),
	(541, 12, 81, 4),
	(542, 17, 82, 4),
	(543, 4, 83, 4),
	(544, 13, 84, 4),
	(545, 6, 85, 4),
	(546, 15, 86, 4),
	(547, 9, 87, 4),
	(548, 20, 88, 4),
	(549, 5, 89, 4),
	(550, 14, 90, 4),
	(551, 22, 91, 4),
	(552, 8, 92, 4),
	(553, 11, 93, 4),
	(554, 7, 94, 4),
	(555, 16, 95, 4),
	(556, 3, 96, 4),
	(557, 10, 97, 4),
	(558, 21, 98, 4),
	(559, 19, 99, 4),
	(560, 18, 100, 4),
	(561, 16, 81, 5),
	(562, 8, 82, 5),
	(563, 11, 83, 5),
	(564, 5, 84, 5),
	(565, 13, 85, 5),
	(566, 3, 86, 5),
	(567, 19, 87, 5),
	(568, 17, 88, 5),
	(569, 7, 89, 5),
	(570, 6, 90, 5),
	(571, 20, 91, 5),
	(572, 12, 92, 5),
	(573, 18, 93, 5),
	(574, 10, 94, 5),
	(575, 14, 95, 5),
	(576, 4, 96, 5),
	(577, 9, 97, 5),
	(578, 22, 98, 5),
	(579, 15, 99, 5),
	(580, 31, 100, 5),
	(581, 13, 81, 6),
	(582, 5, 82, 6),
	(583, 7, 83, 6),
	(584, 19, 84, 6),
	(585, 4, 85, 6),
	(586, 21, 86, 6),
	(587, 10, 87, 6),
	(588, 9, 88, 6),
	(589, 16, 89, 6),
	(590, 15, 90, 6),
	(591, 18, 91, 6),
	(592, 3, 92, 6),
	(593, 12, 93, 6),
	(594, 6, 94, 6),
	(595, 17, 95, 6),
	(596, 8, 96, 6),
	(597, 11, 97, 6),
	(598, 14, 98, 6),
	(599, 20, 99, 6),
	(600, 22, 100, 6);

-- Volcando estructura para tabla storeonline.seriefactura
DROP TABLE IF EXISTS `seriefactura`;
CREATE TABLE IF NOT EXISTS `seriefactura` (
  `idSerie` varchar(25) COLLATE utf8mb4_general_ci NOT NULL,
  `fechaInicio` date NOT NULL,
  `estado` tinyint(1) NOT NULL DEFAULT '1',
  PRIMARY KEY (`idSerie`)
) ENGINE=InnoDB DEFAULT CHARSET=utf8mb4 COLLATE=utf8mb4_general_ci;

-- Volcando datos para la tabla storeonline.seriefactura: ~3 rows (aproximadamente)
DELETE FROM `seriefactura`;
INSERT INTO `seriefactura` (`idSerie`, `fechaInicio`, `estado`) VALUES
	('A-01', '2024-08-01', 1),
	('A-02', '2024-10-01', 1),
	('B-01', '2024-08-15', 1);

-- Volcando estructura para tabla storeonline.sessions
DROP TABLE IF EXISTS `sessions`;
CREATE TABLE IF NOT EXISTS `sessions` (
  `id` varchar(255) COLLATE utf8mb4_unicode_ci NOT NULL,
  `user_id` bigint unsigned DEFAULT NULL,
  `ip_address` varchar(45) COLLATE utf8mb4_unicode_ci DEFAULT NULL,
  `user_agent` text COLLATE utf8mb4_unicode_ci,
  `payload` longtext COLLATE utf8mb4_unicode_ci NOT NULL,
  `last_activity` int NOT NULL,
  PRIMARY KEY (`id`),
  KEY `sessions_user_id_index` (`user_id`),
  KEY `sessions_last_activity_index` (`last_activity`)
) ENGINE=InnoDB DEFAULT CHARSET=utf8mb4 COLLATE=utf8mb4_unicode_ci;

-- Volcando datos para la tabla storeonline.sessions: ~177 rows (aproximadamente)
DELETE FROM `sessions`;
INSERT INTO `sessions` (`id`, `user_id`, `ip_address`, `user_agent`, `payload`, `last_activity`) VALUES
	('073dQPNcl2jrgjQVgwXBCGj5DQTR0KhzXWpndQTA', NULL, '127.0.0.1', 'Mozilla/5.0 (Windows NT 10.0; Win64; x64) AppleWebKit/537.36 (KHTML, like Gecko) Chrome/131.0.0.0 Safari/537.36', 'YTozOntzOjY6Il90b2tlbiI7czo0MDoiR3Z2ak91T0tHVjA2NVVxTDhiV25CMzBoQ01DYmZkV1VJNkVlWDFQRSI7czo5OiJfcHJldmlvdXMiO2E6MTp7czozOiJ1cmwiO3M6Mjk6Imh0dHA6Ly9sb2NhbGhvc3Q6ODAwMC9jb21wcmFzIjt9czo2OiJfZmxhc2giO2E6Mjp7czozOiJvbGQiO2E6MDp7fXM6MzoibmV3IjthOjA6e319fQ==', 1732111014),
	('0hz0v8EwN7aNn1e03pIyc3yg2QFLMAqKhnL63BY1', NULL, '127.0.0.1', 'Mozilla/5.0 (Windows NT 10.0; Win64; x64) AppleWebKit/537.36 (KHTML, like Gecko) Chrome/131.0.0.0 Safari/537.36', 'YTozOntzOjY6Il90b2tlbiI7czo0MDoiNjYwajMxWnR1WEwxRkpGY1dNSnA2NVJrZHl3Y0taQkl1QmdlMHFacSI7czo5OiJfcHJldmlvdXMiO2E6MTp7czozOiJ1cmwiO3M6ODQ6Imh0dHA6Ly9sb2NhbGhvc3Q6ODAwMC9yZXBvcnRlcy9jb21wcmFzUj9mZWNoYV9maW49MjAyNC0xMS0yMSZmZWNoYV9pbmljaW89MjAyNC0xMS0wMSI7fXM6NjoiX2ZsYXNoIjthOjI6e3M6Mzoib2xkIjthOjA6e31zOjM6Im5ldyI7YTowOnt9fX0=', 1732111216),
	('0JPmW2t18jrlsG2vQHSXaIcJVDkOhiBtI9tCqwdo', NULL, '127.0.0.1', 'Mozilla/5.0 (Windows NT 10.0; Win64; x64) AppleWebKit/537.36 (KHTML, like Gecko) Chrome/131.0.0.0 Safari/537.36', 'YTozOntzOjY6Il90b2tlbiI7czo0MDoiMENqS05sYTZ0SEFRSFlBb3lDTjVsN0JzS1FoWUY3RW1WSlEzajhreSI7czo5OiJfcHJldmlvdXMiO2E6MTp7czozOiJ1cmwiO3M6Mjk6Imh0dHA6Ly9sb2NhbGhvc3Q6ODAwMC9yb2xlcy8zIjt9czo2OiJfZmxhc2giO2E6Mjp7czozOiJvbGQiO2E6MDp7fXM6MzoibmV3IjthOjA6e319fQ==', 1732110563),
	('0naHdhxKhu5Y7csSXTPIXtVIptYY7pzum35rQJof', NULL, '127.0.0.1', 'Mozilla/5.0 (Windows NT 10.0; Win64; x64) AppleWebKit/537.36 (KHTML, like Gecko) Chrome/131.0.0.0 Safari/537.36', 'YTozOntzOjY6Il90b2tlbiI7czo0MDoiRElVRUFCSTJRUTg0cFhZZXo3RFFqSlNnamtwQ0Q1dGNCVVZZVTA5aiI7czo5OiJfcHJldmlvdXMiO2E6MTp7czozOiJ1cmwiO3M6Mjk6Imh0dHA6Ly9sb2NhbGhvc3Q6ODAwMC9yb2xlcy8yIjt9czo2OiJfZmxhc2giO2E6Mjp7czozOiJvbGQiO2E6MDp7fXM6MzoibmV3IjthOjA6e319fQ==', 1732111340),
	('18gEZNlMkSxKPTbRY7eWWeuyUV3PUL4rnunjSVbC', NULL, '127.0.0.1', 'Mozilla/5.0 (Windows NT 10.0; Win64; x64) AppleWebKit/537.36 (KHTML, like Gecko) Chrome/131.0.0.0 Safari/537.36', 'YTozOntzOjY6Il90b2tlbiI7czo0MDoienAyZWxNMFJpazhCOTlKVGV4WmFGZWFSelJhOExzNXduZlJoa0VzNiI7czo5OiJfcHJldmlvdXMiO2E6MTp7czozOiJ1cmwiO3M6NDA6Imh0dHA6Ly9sb2NhbGhvc3Q6ODAwMC9hcGkvdXN1YXJpb3MvYWRtaW4iO31zOjY6Il9mbGFzaCI7YToyOntzOjM6Im9sZCI7YTowOnt9czozOiJuZXciO2E6MDp7fX19', 1732110460),
	('1gdZasNSs5A6wZQfQAhmavHhLU2Qh478zj6AqmjL', NULL, '127.0.0.1', 'Mozilla/5.0 (Windows NT 10.0; Win64; x64) AppleWebKit/537.36 (KHTML, like Gecko) Chrome/131.0.0.0 Safari/537.36', 'YToyOntzOjY6Il90b2tlbiI7czo0MDoiVUQzaW1hRkRNa050d0lua0k5UW04U1M4ODBUYnhIV1ZCbTRydE5HRyI7czo2OiJfZmxhc2giO2E6Mjp7czozOiJvbGQiO2E6MDp7fXM6MzoibmV3IjthOjA6e319fQ==', 1732110476),
	('1TAZlBx0UuyoWEgDe2rb3KY71FKMA02ptbNEyt4b', NULL, '127.0.0.1', 'Mozilla/5.0 (Windows NT 10.0; Win64; x64) AppleWebKit/537.36 (KHTML, like Gecko) Chrome/131.0.0.0 Safari/537.36', 'YTozOntzOjY6Il90b2tlbiI7czo0MDoicEY0bW56SmR3cWtncjRKVW5oTHpHUnJoMEdjdlBla1h4N2FBcFNYTSI7czo5OiJfcHJldmlvdXMiO2E6MTp7czozOiJ1cmwiO3M6Mjk6Imh0dHA6Ly9sb2NhbGhvc3Q6ODAwMC9yb2xlcy8yIjt9czo2OiJfZmxhc2giO2E6Mjp7czozOiJvbGQiO2E6MDp7fXM6MzoibmV3IjthOjA6e319fQ==', 1732111245),
	('2B06lqUtMwv6zyuWiOmabKszYdojHg3SY8aC8i5A', NULL, '127.0.0.1', 'Mozilla/5.0 (Windows NT 10.0; Win64; x64) AppleWebKit/537.36 (KHTML, like Gecko) Chrome/131.0.0.0 Safari/537.36', 'YTozOntzOjY6Il90b2tlbiI7czo0MDoiU0R1ZzVVTjRCMTA0WEVCaFhycjJVdTVoTW1kNVJZSFNpc3JIVGlNbyI7czo5OiJfcHJldmlvdXMiO2E6MTp7czozOiJ1cmwiO3M6Mjk6Imh0dHA6Ly9sb2NhbGhvc3Q6ODAwMC9yb2xlcy8yIjt9czo2OiJfZmxhc2giO2E6Mjp7czozOiJvbGQiO2E6MDp7fXM6MzoibmV3IjthOjA6e319fQ==', 1732110471),
	('2cQ6rMfY0NP68m81ANwQqILW1sEPQtfE3VpHcTXR', NULL, '127.0.0.1', 'Mozilla/5.0 (Windows NT 10.0; Win64; x64) AppleWebKit/537.36 (KHTML, like Gecko) Chrome/131.0.0.0 Safari/537.36', 'YTozOntzOjY6Il90b2tlbiI7czo0MDoiZXlhMGt0OUtjMW14N2VYczhmQ3lwZWZSaUV3Tlo3MGdoTm84SURiRSI7czo5OiJfcHJldmlvdXMiO2E6MTp7czozOiJ1cmwiO3M6MzY6Imh0dHA6Ly9sb2NhbGhvc3Q6ODAwMC9kYXRvc3Byb2R1Y3RvcyI7fXM6NjoiX2ZsYXNoIjthOjI6e3M6Mzoib2xkIjthOjA6e31zOjM6Im5ldyI7YTowOnt9fX0=', 1732111244),
	('2fjNmIxa59Wknxl36v9UpYB4oZjThEgdlLOHLxry', NULL, '127.0.0.1', 'Mozilla/5.0 (Windows NT 10.0; Win64; x64) AppleWebKit/537.36 (KHTML, like Gecko) Chrome/131.0.0.0 Safari/537.36', 'YTozOntzOjY6Il90b2tlbiI7czo0MDoia004TnhwTVhCVXF0QkhUaFJKWDh5R3JuYXo1dkRnSjhDVWQ5WjZNMyI7czo5OiJfcHJldmlvdXMiO2E6MTp7czozOiJ1cmwiO3M6Mjk6Imh0dHA6Ly9sb2NhbGhvc3Q6ODAwMC9yb2xlcy8yIjt9czo2OiJfZmxhc2giO2E6Mjp7czozOiJvbGQiO2E6MDp7fXM6MzoibmV3IjthOjA6e319fQ==', 1732111319),
	('3dXKuVngkRl801H5XRdS5keHgKUjUMFVQIMrACcr', NULL, '127.0.0.1', 'Mozilla/5.0 (Windows NT 10.0; Win64; x64) AppleWebKit/537.36 (KHTML, like Gecko) Chrome/131.0.0.0 Safari/537.36', 'YTozOntzOjY6Il90b2tlbiI7czo0MDoiRm5iOEdsTkdTOVVsT2RHbDZGRmNDZWVCQ3h4dkVOdmdaNjN1c3VvWiI7czo5OiJfcHJldmlvdXMiO2E6MTp7czozOiJ1cmwiO3M6Mjk6Imh0dHA6Ly9sb2NhbGhvc3Q6ODAwMC9yb2xlcy8yIjt9czo2OiJfZmxhc2giO2E6Mjp7czozOiJvbGQiO2E6MDp7fXM6MzoibmV3IjthOjA6e319fQ==', 1732111123),
	('3TJj1Zci9xSV2OzLbFjXiqNksSmonMJNRoAnVSMf', NULL, '127.0.0.1', 'Mozilla/5.0 (Windows NT 10.0; Win64; x64) AppleWebKit/537.36 (KHTML, like Gecko) Chrome/131.0.0.0 Safari/537.36', 'YTozOntzOjY6Il90b2tlbiI7czo0MDoiUmFUaU9MMXFqS0FOVUFGaloxRXQybmJuSW5qTklPNE0zZVY3SXNhUiI7czo5OiJfcHJldmlvdXMiO2E6MTp7czozOiJ1cmwiO3M6MzI6Imh0dHA6Ly9sb2NhbGhvc3Q6ODAwMC9zdWN1cnNhbGVzIjt9czo2OiJfZmxhc2giO2E6Mjp7czozOiJvbGQiO2E6MDp7fXM6MzoibmV3IjthOjA6e319fQ==', 1732111352),
	('4gpd3IwSVApnTTLihq1rWQQ8BogomOXwUdKMgKRP', NULL, '127.0.0.1', 'Mozilla/5.0 (Windows NT 10.0; Win64; x64) AppleWebKit/537.36 (KHTML, like Gecko) Chrome/131.0.0.0 Safari/537.36', 'YTozOntzOjY6Il90b2tlbiI7czo0MDoiSEljN0NlY1pqM1BWY0p2UnloVGJCNzJ3S3JSQ3NVQnFVazFyOWxCUiI7czo5OiJfcHJldmlvdXMiO2E6MTp7czozOiJ1cmwiO3M6MzA6Imh0dHA6Ly9sb2NhbGhvc3Q6ODAwMC91c3VhcmlvcyI7fXM6NjoiX2ZsYXNoIjthOjI6e3M6Mzoib2xkIjthOjA6e31zOjM6Im5ldyI7YTowOnt9fX0=', 1732110453),
	('4mJ31dwPUUbguCfrDm3iEhHyr0bU52TVL8FtOUye', NULL, '127.0.0.1', 'Mozilla/5.0 (Windows NT 10.0; Win64; x64) AppleWebKit/537.36 (KHTML, like Gecko) Chrome/131.0.0.0 Safari/537.36', 'YToyOntzOjY6Il90b2tlbiI7czo0MDoiVGhSR3hOS3NFOFZJRFJtZUR2Wk9sZnBkN1ZPa2FKbjJtQldIekk4SyI7czo2OiJfZmxhc2giO2E6Mjp7czozOiJvbGQiO2E6MDp7fXM6MzoibmV3IjthOjA6e319fQ==', 1732110417),
	('4rbVlCgMFtkBuBBDwKHQqU8Fbyd7DIg1CnlFIodk', NULL, '127.0.0.1', 'Mozilla/5.0 (Windows NT 10.0; Win64; x64) AppleWebKit/537.36 (KHTML, like Gecko) Chrome/131.0.0.0 Safari/537.36', 'YTozOntzOjY6Il90b2tlbiI7czo0MDoiTGgxTUZmSWNpeTMxMUZLRG1PblVLOGNKaXBYNmhocTJna3NYSzhhYSI7czo5OiJfcHJldmlvdXMiO2E6MTp7czozOiJ1cmwiO3M6MzI6Imh0dHA6Ly9sb2NhbGhvc3Q6ODAwMC9zdWN1cnNhbGVzIjt9czo2OiJfZmxhc2giO2E6Mjp7czozOiJvbGQiO2E6MDp7fXM6MzoibmV3IjthOjA6e319fQ==', 1732111294),
	('5u95NNV6FtH6WGvl5S1rK0y6T7EkceHKNexiG6h5', NULL, '127.0.0.1', 'Mozilla/5.0 (Windows NT 10.0; Win64; x64) AppleWebKit/537.36 (KHTML, like Gecko) Chrome/131.0.0.0 Safari/537.36', 'YTozOntzOjY6Il90b2tlbiI7czo0MDoiZVp3Y0lOWDJOVnFtdzBBWU9XaXNHWTd3ajlCWUNrNjduOVQ2ZXN4ZiI7czo5OiJfcHJldmlvdXMiO2E6MTp7czozOiJ1cmwiO3M6Mjk6Imh0dHA6Ly9sb2NhbGhvc3Q6ODAwMC9yb2xlcy8yIjt9czo2OiJfZmxhc2giO2E6Mjp7czozOiJvbGQiO2E6MDp7fXM6MzoibmV3IjthOjA6e319fQ==', 1732110717),
	('6Ac234CbcrwZBhp8lk2OUYUhalBVH7GqSKRMkbJh', NULL, '127.0.0.1', 'Mozilla/5.0 (Windows NT 10.0; Win64; x64) AppleWebKit/537.36 (KHTML, like Gecko) Chrome/131.0.0.0 Safari/537.36', 'YTozOntzOjY6Il90b2tlbiI7czo0MDoiYjdBcHRXQkEwN0dmbkd6OTN0M1ZSbzU3TVBGSEhRb2Zick9FWUYxMyI7czo5OiJfcHJldmlvdXMiO2E6MTp7czozOiJ1cmwiO3M6ODQ6Imh0dHA6Ly9sb2NhbGhvc3Q6ODAwMC9yZXBvcnRlcy9jb21wcmFzUj9mZWNoYV9maW49MjAyNC0xMS0zMCZmZWNoYV9pbmljaW89MjAyNC0xMS0wMSI7fXM6NjoiX2ZsYXNoIjthOjI6e3M6Mzoib2xkIjthOjA6e31zOjM6Im5ldyI7YTowOnt9fX0=', 1732110962),
	('6KeJtPJftRd53bqHN5l70DkhHsRbalPt78tnSMW8', NULL, '127.0.0.1', 'Mozilla/5.0 (Windows NT 10.0; Win64; x64) AppleWebKit/537.36 (KHTML, like Gecko) Chrome/131.0.0.0 Safari/537.36', 'YTozOntzOjY6Il90b2tlbiI7czo0MDoiQU14bDdkRkRWOTFmUGFPMGxSS1oySjVEV0FNQUxkQ1k2Qjg2d2lxQSI7czo5OiJfcHJldmlvdXMiO2E6MTp7czozOiJ1cmwiO3M6MzI6Imh0dHA6Ly9sb2NhbGhvc3Q6ODAwMC9zdWN1cnNhbGVzIjt9czo2OiJfZmxhc2giO2E6Mjp7czozOiJvbGQiO2E6MDp7fXM6MzoibmV3IjthOjA6e319fQ==', 1732110716),
	('6QlCuVtG9pnqmOR0iJU5p5YQPbIe8YSlHYdxw9TR', NULL, '127.0.0.1', 'Mozilla/5.0 (Windows NT 10.0; Win64; x64) AppleWebKit/537.36 (KHTML, like Gecko) Chrome/131.0.0.0 Safari/537.36', 'YTozOntzOjY6Il90b2tlbiI7czo0MDoiazd1dDQwQlVnV3ZUVVJSWG1vT003Wkl5YjBJTmc4Slg2WU9YUWR1MSI7czo5OiJfcHJldmlvdXMiO2E6MTp7czozOiJ1cmwiO3M6Mjc6Imh0dHA6Ly9sb2NhbGhvc3Q6ODAwMC9yb2xlcyI7fXM6NjoiX2ZsYXNoIjthOjI6e3M6Mzoib2xkIjthOjA6e31zOjM6Im5ldyI7YTowOnt9fX0=', 1732110453),
	('6Yf7zjpWnXpStxQnGPgZyhoPg5Tjaqc2vNeVhJfY', NULL, '127.0.0.1', 'Mozilla/5.0 (Windows NT 10.0; Win64; x64) AppleWebKit/537.36 (KHTML, like Gecko) Chrome/131.0.0.0 Safari/537.36', 'YTozOntzOjY6Il90b2tlbiI7czo0MDoiaFF1VWtwc0lJRzlyR2tGQmdXRG1TMnd2T0NVMHVTbW82UmtCVGZYdSI7czo5OiJfcHJldmlvdXMiO2E6MTp7czozOiJ1cmwiO3M6Mjk6Imh0dHA6Ly9sb2NhbGhvc3Q6ODAwMC9yb2xlcy8yIjt9czo2OiJfZmxhc2giO2E6Mjp7czozOiJvbGQiO2E6MDp7fXM6MzoibmV3IjthOjA6e319fQ==', 1732111294),
	('7SDPhFfFC5ktJgKh2LL9AdQPtn3H3y2hZAPHtKKB', NULL, '127.0.0.1', 'Mozilla/5.0 (Windows NT 10.0; Win64; x64) AppleWebKit/537.36 (KHTML, like Gecko) Chrome/131.0.0.0 Safari/537.36', 'YToyOntzOjY6Il90b2tlbiI7czo0MDoiak9lMU5ibldqNmxVd0RUOG5SM016bVVkYTloR0MzN2JuSmtYMVNHWSI7czo2OiJfZmxhc2giO2E6Mjp7czozOiJvbGQiO2E6MDp7fXM6MzoibmV3IjthOjA6e319fQ==', 1732110446),
	('7xjKisE61gn3aFFT0PX6mArnRRkkeYanZRre8GgT', NULL, '127.0.0.1', 'Mozilla/5.0 (Windows NT 10.0; Win64; x64) AppleWebKit/537.36 (KHTML, like Gecko) Chrome/131.0.0.0 Safari/537.36', 'YToyOntzOjY6Il90b2tlbiI7czo0MDoiZ0w4QjNRWkJBRUJKQ0NVTHdHdkNxSzhwUXpvWHd4clJzVFpjeVpwUiI7czo2OiJfZmxhc2giO2E6Mjp7czozOiJvbGQiO2E6MDp7fXM6MzoibmV3IjthOjA6e319fQ==', 1732111393),
	('8aTnRnX1UQOQn5sBwF7SJtPSGO7HrPsXNM9EUj2e', NULL, '127.0.0.1', 'Mozilla/5.0 (Windows NT 10.0; Win64; x64) AppleWebKit/537.36 (KHTML, like Gecko) Chrome/131.0.0.0 Safari/537.36', 'YTozOntzOjY6Il90b2tlbiI7czo0MDoiNnRxdDhGNEJZUDlGSXpRMEVKZHo1c0hGUGxpYXdRd3hEQ3A5emJGQiI7czo5OiJfcHJldmlvdXMiO2E6MTp7czozOiJ1cmwiO3M6NDI6Imh0dHA6Ly9sb2NhbGhvc3Q6ODAwMC9hcGkvdXN1YXJpb3MvbWlndWV0eiI7fXM6NjoiX2ZsYXNoIjthOjI6e3M6Mzoib2xkIjthOjA6e31zOjM6Im5ldyI7YTowOnt9fX0=', 1732110558),
	('8BcTIZFFy58sr9ytMqmCq0txRznbqHHbP6BNvwyW', NULL, '127.0.0.1', 'Mozilla/5.0 (Windows NT 10.0; Win64; x64) AppleWebKit/537.36 (KHTML, like Gecko) Chrome/131.0.0.0 Safari/537.36', 'YTozOntzOjY6Il90b2tlbiI7czo0MDoiUVV4emV0ZFk3NmFXYXVsVUFRYVo3U1Iwa0RyTEYwUFF1NDlaTEtoWiI7czo5OiJfcHJldmlvdXMiO2E6MTp7czozOiJ1cmwiO3M6NTI6Imh0dHA6Ly9sb2NhbGhvc3Q6ODAwMC9yZXBvcnRlcy90b3AtcHJvZHVjdG9zL2dlbmVyYWwiO31zOjY6Il9mbGFzaCI7YToyOntzOjM6Im9sZCI7YTowOnt9czozOiJuZXciO2E6MDp7fX19', 1732110737),
	('8gkAsNKi6Lq9LOMytI6TUtIzw8muX45iF1sqWNvv', NULL, '127.0.0.1', 'Mozilla/5.0 (Windows NT 10.0; Win64; x64) AppleWebKit/537.36 (KHTML, like Gecko) Chrome/131.0.0.0 Safari/537.36', 'YTozOntzOjY6Il90b2tlbiI7czo0MDoickllaVdiSk5qZHRuclBHSkFDZ1k1dTJZTjBFVHJQWGtSdm5WRll3ZyI7czo5OiJfcHJldmlvdXMiO2E6MTp7czozOiJ1cmwiO3M6Mjk6Imh0dHA6Ly9sb2NhbGhvc3Q6ODAwMC9yb2xlcy8yIjt9czo2OiJfZmxhc2giO2E6Mjp7czozOiJvbGQiO2E6MDp7fXM6MzoibmV3IjthOjA6e319fQ==', 1732111391),
	('8n4IOTOXgMHM4WOKKaOHh4v1sa83AlT9YxWeQMvL', NULL, '127.0.0.1', 'Mozilla/5.0 (Windows NT 10.0; Win64; x64) AppleWebKit/537.36 (KHTML, like Gecko) Chrome/131.0.0.0 Safari/537.36', 'YTozOntzOjY6Il90b2tlbiI7czo0MDoiV1pLdng0MEwyeWlZVkt0d0s5YXBoZlJNazFlWFZHUEtXdVZLb0JCRiI7czo5OiJfcHJldmlvdXMiO2E6MTp7czozOiJ1cmwiO3M6Mjk6Imh0dHA6Ly9sb2NhbGhvc3Q6ODAwMC9yb2xlcy8yIjt9czo2OiJfZmxhc2giO2E6Mjp7czozOiJvbGQiO2E6MDp7fXM6MzoibmV3IjthOjA6e319fQ==', 1732110418),
	('9c9i5EWtkZLvn7NBANeBnmlq1WhzbkkOcarAT7RN', NULL, '127.0.0.1', 'Mozilla/5.0 (Windows NT 10.0; Win64; x64) AppleWebKit/537.36 (KHTML, like Gecko) Chrome/131.0.0.0 Safari/537.36', 'YTozOntzOjY6Il90b2tlbiI7czo0MDoiRXUwVGZVVFFhOGV6dUxLR0I4RnpObzhjemI0b3hqOE9qcmJkOXcxUSI7czo5OiJfcHJldmlvdXMiO2E6MTp7czozOiJ1cmwiO3M6Mjk6Imh0dHA6Ly9sb2NhbGhvc3Q6ODAwMC9yb2xlcy8yIjt9czo2OiJfZmxhc2giO2E6Mjp7czozOiJvbGQiO2E6MDp7fXM6MzoibmV3IjthOjA6e319fQ==', 1732110668),
	('9E8kTO8NMas4wljZV23gfsVdTD42VAhObulZgxOx', NULL, '127.0.0.1', 'Mozilla/5.0 (Windows NT 10.0; Win64; x64) AppleWebKit/537.36 (KHTML, like Gecko) Chrome/131.0.0.0 Safari/537.36', 'YToyOntzOjY6Il90b2tlbiI7czo0MDoicktZaDhLWE45M3dkc1kxQkFQenFKWWFPS3R1VUxhQXcyNFdscnptTSI7czo2OiJfZmxhc2giO2E6Mjp7czozOiJvbGQiO2E6MDp7fXM6MzoibmV3IjthOjA6e319fQ==', 1732110425),
	('9T1S4nTIzYGM92xCd4QdtrkfzVzDXPvVWy61cnIQ', NULL, '127.0.0.1', 'Mozilla/5.0 (Windows NT 10.0; Win64; x64) AppleWebKit/537.36 (KHTML, like Gecko) Chrome/131.0.0.0 Safari/537.36', 'YTozOntzOjY6Il90b2tlbiI7czo0MDoiRmJVdFU3ZU1uUnRyM0dOMFNBV29zNnE0VjM3ajZCNFNuZjJEeEJyTCI7czo5OiJfcHJldmlvdXMiO2E6MTp7czozOiJ1cmwiO3M6NjM6Imh0dHA6Ly9sb2NhbGhvc3Q6ODAwMC9yZXBvcnRlcy9wcm9kdWN0b3MtbWFzLXZlbmRpZG9zLW1lcz9tZXM9NCI7fXM6NjoiX2ZsYXNoIjthOjI6e3M6Mzoib2xkIjthOjA6e31zOjM6Im5ldyI7YTowOnt9fX0=', 1732110797),
	('9Y6YSSFlEGvXTym9GEODGZBGULHUWKZSWwSlhhLh', NULL, '127.0.0.1', 'Mozilla/5.0 (Windows NT 10.0; Win64; x64) AppleWebKit/537.36 (KHTML, like Gecko) Chrome/131.0.0.0 Safari/537.36', 'YTozOntzOjY6Il90b2tlbiI7czo0MDoid01DWUJWY2tvNWhkMFFNaEtlVkZEYlVUZ3JXS2VhajJQaFpUSm9iSCI7czo5OiJfcHJldmlvdXMiO2E6MTp7czozOiJ1cmwiO3M6Mjk6Imh0dHA6Ly9sb2NhbGhvc3Q6ODAwMC9yb2xlcy8yIjt9czo2OiJfZmxhc2giO2E6Mjp7czozOiJvbGQiO2E6MDp7fXM6MzoibmV3IjthOjA6e319fQ==', 1732111352),
	('a2mhHqqAsbBg95E2j6RUYNMdWe9C89vka7PQTcKD', NULL, '127.0.0.1', 'Mozilla/5.0 (Windows NT 10.0; Win64; x64) AppleWebKit/537.36 (KHTML, like Gecko) Chrome/131.0.0.0 Safari/537.36', 'YTozOntzOjY6Il90b2tlbiI7czo0MDoiQW5vZ0xBcGFvZnNIRldJZEZUQkR6b2Z6VXJZRWdTZk9KR3EzMnNJNiI7czo5OiJfcHJldmlvdXMiO2E6MTp7czozOiJ1cmwiO3M6Mjk6Imh0dHA6Ly9sb2NhbGhvc3Q6ODAwMC9yb2xlcy8yIjt9czo2OiJfZmxhc2giO2E6Mjp7czozOiJvbGQiO2E6MDp7fXM6MzoibmV3IjthOjA6e319fQ==', 1732111352),
	('a5wc66Eahc8H5YANat2QkRG22PschCVAUDhsCY6Y', NULL, '127.0.0.1', 'Mozilla/5.0 (Windows NT 10.0; Win64; x64) AppleWebKit/537.36 (KHTML, like Gecko) Chrome/131.0.0.0 Safari/537.36', 'YTozOntzOjY6Il90b2tlbiI7czo0MDoieHRSVnZPVmJrMHZUM3p4UTcxaG1rSjZNT0dOc2Yyc0N3STVCdDRVeSI7czo5OiJfcHJldmlvdXMiO2E6MTp7czozOiJ1cmwiO3M6MzA6Imh0dHA6Ly9sb2NhbGhvc3Q6ODAwMC91c3VhcmlvcyI7fXM6NjoiX2ZsYXNoIjthOjI6e3M6Mzoib2xkIjthOjA6e31zOjM6Im5ldyI7YTowOnt9fX0=', 1732110540),
	('Af91GYsmBAp4pha2j9aDRDfe7g9w8nHsxi66sWDJ', NULL, '127.0.0.1', 'Mozilla/5.0 (Windows NT 10.0; Win64; x64) AppleWebKit/537.36 (KHTML, like Gecko) Chrome/131.0.0.0 Safari/537.36', 'YTozOntzOjY6Il90b2tlbiI7czo0MDoiNTM0TzVoNHZqQ1hkVHdSM1laOUkyN2xmcEhHcUg0aHZqaEowd01UdSI7czo5OiJfcHJldmlvdXMiO2E6MTp7czozOiJ1cmwiO3M6Njk6Imh0dHA6Ly9sb2NhbGhvc3Q6ODAwMC9yZXBvcnRlcy9wcm9kdWN0b3MtYmFqYS1leGlzdGVuY2lhP2lkU3VjdXJzYWw9MyI7fXM6NjoiX2ZsYXNoIjthOjI6e3M6Mzoib2xkIjthOjA6e31zOjM6Im5ldyI7YTowOnt9fX0=', 1732110781),
	('AIhbsfHCmlthmxfUAvbgNHD7wsrZLA2vxC9lXgXL', NULL, '127.0.0.1', 'Mozilla/5.0 (Windows NT 10.0; Win64; x64) AppleWebKit/537.36 (KHTML, like Gecko) Chrome/131.0.0.0 Safari/537.36', 'YTozOntzOjY6Il90b2tlbiI7czo0MDoiZFY4U28zd2RNNlFuRmRKUmx1SUhLakRFVGJaMEFGYk9qTkdvZ20zdyI7czo5OiJfcHJldmlvdXMiO2E6MTp7czozOiJ1cmwiO3M6Mjk6Imh0dHA6Ly9sb2NhbGhvc3Q6ODAwMC9yb2xlcy8yIjt9czo2OiJfZmxhc2giO2E6Mjp7czozOiJvbGQiO2E6MDp7fXM6MzoibmV3IjthOjA6e319fQ==', 1732111014),
	('aKC7n4GjZ6amSB6VURoxU7jYvuY4XM85hG4ldQW2', NULL, '127.0.0.1', 'Mozilla/5.0 (Windows NT 10.0; Win64; x64) AppleWebKit/537.36 (KHTML, like Gecko) Chrome/131.0.0.0 Safari/537.36', 'YToyOntzOjY6Il90b2tlbiI7czo0MDoiU1l5TzEwNEJ1b2lkTHV1eXhUOFVldlJxd2VyMk9ySEp2VVlpOXNtNyI7czo2OiJfZmxhc2giO2E6Mjp7czozOiJvbGQiO2E6MDp7fXM6MzoibmV3IjthOjA6e319fQ==', 1732110477),
	('aSh4VOec0te1EnwTJqGzxJduuJwjTwGWp6POMSyf', NULL, '127.0.0.1', 'Mozilla/5.0 (Windows NT 10.0; Win64; x64) AppleWebKit/537.36 (KHTML, like Gecko) Chrome/131.0.0.0 Safari/537.36', 'YTozOntzOjY6Il90b2tlbiI7czo0MDoiaEc5Wmx0c1RqMFhoa1hESGtxZ1hHNHlSdlJXQnJ4RHl6clVoTEJJViI7czo5OiJfcHJldmlvdXMiO2E6MTp7czozOiJ1cmwiO3M6ODQ6Imh0dHA6Ly9sb2NhbGhvc3Q6ODAwMC9yZXBvcnRlcy9jb21wcmFzUj9mZWNoYV9maW49MjAyNC0xMi0zMSZmZWNoYV9pbmljaW89MjAyNC0xMi0wMSI7fXM6NjoiX2ZsYXNoIjthOjI6e3M6Mzoib2xkIjthOjA6e31zOjM6Im5ldyI7YTowOnt9fX0=', 1732111372),
	('awRa37cYf1P46DVkGcHUtRz4B4S3FcQRtMBNsGAn', NULL, '127.0.0.1', 'Mozilla/5.0 (Windows NT 10.0; Win64; x64) AppleWebKit/537.36 (KHTML, like Gecko) Chrome/131.0.0.0 Safari/537.36', 'YTozOntzOjY6Il90b2tlbiI7czo0MDoicjZuWThydklOSjdhUjFRZGQxaTB4OGJIMm5EaTZ1QUNNT3JCUWFzcyI7czo5OiJfcHJldmlvdXMiO2E6MTp7czozOiJ1cmwiO3M6MzI6Imh0dHA6Ly9sb2NhbGhvc3Q6ODAwMC9zdWN1cnNhbGVzIjt9czo2OiJfZmxhc2giO2E6Mjp7czozOiJvbGQiO2E6MDp7fXM6MzoibmV3IjthOjA6e319fQ==', 1732111396),
	('bB7ZNOXAP3PMS7N4SqAHo199o24XVIRlmxZyK3OB', NULL, '127.0.0.1', 'Mozilla/5.0 (Windows NT 10.0; Win64; x64) AppleWebKit/537.36 (KHTML, like Gecko) Chrome/131.0.0.0 Safari/537.36', 'YTozOntzOjY6Il90b2tlbiI7czo0MDoiUVRyRlFvZzdQOW9FZWhGSEVLTnF4WDd2dDB3UzV1Zkd2YmNQVlBBSCI7czo5OiJfcHJldmlvdXMiO2E6MTp7czozOiJ1cmwiO3M6MzI6Imh0dHA6Ly9sb2NhbGhvc3Q6ODAwMC9zdWN1cnNhbGVzIjt9czo2OiJfZmxhc2giO2E6Mjp7czozOiJvbGQiO2E6MDp7fXM6MzoibmV3IjthOjA6e319fQ==', 1732111011),
	('bbbmljQZCS0GbYYZLiMU4A4llnNb72bQXFJTelj5', NULL, '127.0.0.1', 'Mozilla/5.0 (Windows NT 10.0; Win64; x64) AppleWebKit/537.36 (KHTML, like Gecko) Chrome/131.0.0.0 Safari/537.36', 'YToyOntzOjY6Il90b2tlbiI7czo0MDoic3IzaEdjYXMxYUpIN2pxNkJUbnBFNUhLaFdxWUYzb2lrd0tyR3ZoSyI7czo2OiJfZmxhc2giO2E6Mjp7czozOiJvbGQiO2E6MDp7fXM6MzoibmV3IjthOjA6e319fQ==', 1732110454),
	('bih2Hzi0UUAhLJim4ebYOnG5rMQyeBRBm81yb3aE', NULL, '127.0.0.1', 'Mozilla/5.0 (Windows NT 10.0; Win64; x64) AppleWebKit/537.36 (KHTML, like Gecko) Chrome/131.0.0.0 Safari/537.36', 'YTozOntzOjY6Il90b2tlbiI7czo0MDoiT2czZW11N0ExSk5UNXJVdERxRkRQVGhXNHFHWGlkZ0w2bjcwYk1CaiI7czo5OiJfcHJldmlvdXMiO2E6MTp7czozOiJ1cmwiO3M6MzI6Imh0dHA6Ly9sb2NhbGhvc3Q6ODAwMC9zdWN1cnNhbGVzIjt9czo2OiJfZmxhc2giO2E6Mjp7czozOiJvbGQiO2E6MDp7fXM6MzoibmV3IjthOjA6e319fQ==', 1732111397),
	('bJMZkFwHybuGwpWYwZAaQZI2nayi45HpoKhOnwt0', NULL, '127.0.0.1', 'Mozilla/5.0 (Windows NT 10.0; Win64; x64) AppleWebKit/537.36 (KHTML, like Gecko) Chrome/131.0.0.0 Safari/537.36', 'YTozOntzOjY6Il90b2tlbiI7czo0MDoiZmR2TWF3UzZvR0NSNDJRc0UxbG11bGp1bmFmWTNnZDZUQXNlcm14bSI7czo5OiJfcHJldmlvdXMiO2E6MTp7czozOiJ1cmwiO3M6Mjk6Imh0dHA6Ly9sb2NhbGhvc3Q6ODAwMC9yb2xlcy8yIjt9czo2OiJfZmxhc2giO2E6Mjp7czozOiJvbGQiO2E6MDp7fXM6MzoibmV3IjthOjA6e319fQ==', 1732111304),
	('BnnkPgTLhOmnXkOkopiu3w4AeggmMOIUfYcsaZ17', NULL, '127.0.0.1', 'Mozilla/5.0 (Windows NT 10.0; Win64; x64) AppleWebKit/537.36 (KHTML, like Gecko) Chrome/131.0.0.0 Safari/537.36', 'YTozOntzOjY6Il90b2tlbiI7czo0MDoianJ3aHBxUTJwNTdaZkEydGVtd25xeEk4S3NqOVFVNWN3c3UyaTlLRyI7czo5OiJfcHJldmlvdXMiO2E6MTp7czozOiJ1cmwiO3M6NzI6Imh0dHA6Ly9sb2NhbGhvc3Q6ODAwMC9yZXBvcnRlcy9jbGllbnRlcy1mcmVjdWVudGVzLXN1Y3Vyc2FsP2lkU3VjdXJzYWw9NSI7fXM6NjoiX2ZsYXNoIjthOjI6e3M6Mzoib2xkIjthOjA6e31zOjM6Im5ldyI7YTowOnt9fX0=', 1732110897),
	('bPueYHxYlWanPsriBTW7t0D8bu4s11q9NyrqKY2O', NULL, '127.0.0.1', 'Mozilla/5.0 (Windows NT 10.0; Win64; x64) AppleWebKit/537.36 (KHTML, like Gecko) Chrome/131.0.0.0 Safari/537.36', 'YTozOntzOjY6Il90b2tlbiI7czo0MDoiOUlvaFF3azZQUVhkWUhuaElJU1lEZXA1SE5SdmpvMm9PWUxmTkRmRiI7czo5OiJfcHJldmlvdXMiO2E6MTp7czozOiJ1cmwiO3M6Mjk6Imh0dHA6Ly9sb2NhbGhvc3Q6ODAwMC9yb2xlcy8zIjt9czo2OiJfZmxhc2giO2E6Mjp7czozOiJvbGQiO2E6MDp7fXM6MzoibmV3IjthOjA6e319fQ==', 1732110644),
	('br5nWFV3nUyfNWWJz2ikoMYhEfkgh2RuSERDOExh', NULL, '127.0.0.1', 'Mozilla/5.0 (Windows NT 10.0; Win64; x64) AppleWebKit/537.36 (KHTML, like Gecko) Chrome/131.0.0.0 Safari/537.36', 'YTozOntzOjY6Il90b2tlbiI7czo0MDoiYXFUVXJDMDR4dE1tR3hsT2ZDa01DOUxMVWEwTjRsTXdQb3JMNUhjdyI7czo5OiJfcHJldmlvdXMiO2E6MTp7czozOiJ1cmwiO3M6NjM6Imh0dHA6Ly9sb2NhbGhvc3Q6ODAwMC9yZXBvcnRlcy9wcm9kdWN0b3MtbWFzLXZlbmRpZG9zLW1lcz9tZXM9MiI7fXM6NjoiX2ZsYXNoIjthOjI6e3M6Mzoib2xkIjthOjA6e31zOjM6Im5ldyI7YTowOnt9fX0=', 1732110823),
	('bUSgFFRLY09IKmvxqb4F2ACjpoiB0UzYE5cfuj9C', NULL, '127.0.0.1', 'Mozilla/5.0 (Windows NT 10.0; Win64; x64) AppleWebKit/537.36 (KHTML, like Gecko) Chrome/131.0.0.0 Safari/537.36', 'YTozOntzOjY6Il90b2tlbiI7czo0MDoieHd3NXhvRkVncGQyR0VtV3Q5WDF4RW1XdkVrazh0dUZTQ2xXbGV5RSI7czo5OiJfcHJldmlvdXMiO2E6MTp7czozOiJ1cmwiO3M6MzE6Imh0dHA6Ly9sb2NhbGhvc3Q6ODAwMC9hcGkvcnBzLzYiO31zOjY6Il9mbGFzaCI7YToyOntzOjM6Im9sZCI7YTowOnt9czozOiJuZXciO2E6MDp7fX19', 1732111335),
	('c01ora7e2VoM1qIm6m7ChhdLW0w2ucXAM5pWXg6k', NULL, '127.0.0.1', 'Mozilla/5.0 (Windows NT 10.0; Win64; x64) AppleWebKit/537.36 (KHTML, like Gecko) Chrome/131.0.0.0 Safari/537.36', 'YTozOntzOjY6Il90b2tlbiI7czo0MDoiSnhZdlBUVVJtUENVWEFoNDREUFpmdGY5Um4xTG53aGFyRzYya3RMNCI7czo5OiJfcHJldmlvdXMiO2E6MTp7czozOiJ1cmwiO3M6Mjk6Imh0dHA6Ly9sb2NhbGhvc3Q6ODAwMC9yb2xlcy8yIjt9czo2OiJfZmxhc2giO2E6Mjp7czozOiJvbGQiO2E6MDp7fXM6MzoibmV3IjthOjA6e319fQ==', 1732111397),
	('C18nguYwSVOmS5C1zXcIoRLRj1m9sI61dAjMKSpT', NULL, '127.0.0.1', 'Mozilla/5.0 (Windows NT 10.0; Win64; x64) AppleWebKit/537.36 (KHTML, like Gecko) Chrome/131.0.0.0 Safari/537.36', 'YTozOntzOjY6Il90b2tlbiI7czo0MDoiVlZETXFJa1VjeWs0N2t1VXRYMHhFWGJwUU5tSllPVmZ5RjFWcVNxdSI7czo5OiJfcHJldmlvdXMiO2E6MTp7czozOiJ1cmwiO3M6Mjk6Imh0dHA6Ly9sb2NhbGhvc3Q6ODAwMC9yb2xlcy8yIjt9czo2OiJfZmxhc2giO2E6Mjp7czozOiJvbGQiO2E6MDp7fXM6MzoibmV3IjthOjA6e319fQ==', 1732111010),
	('cbKmiKlvuVRYJeDq7yK9iHR3z0HGSFepeZbweKkj', NULL, '127.0.0.1', 'Mozilla/5.0 (Windows NT 10.0; Win64; x64) AppleWebKit/537.36 (KHTML, like Gecko) Chrome/131.0.0.0 Safari/537.36', 'YToyOntzOjY6Il90b2tlbiI7czo0MDoieXFxOTNsOFhHbHVSNk5xQ3c3ckN2djlSdDZFdUFPYUtKdHJ3SW1ZeSI7czo2OiJfZmxhc2giO2E6Mjp7czozOiJvbGQiO2E6MDp7fXM6MzoibmV3IjthOjA6e319fQ==', 1732110454),
	('ccG0j42XoeQuEGXvdGdsiVvo1TzumOoQb7XZD168', NULL, '127.0.0.1', 'Mozilla/5.0 (Windows NT 10.0; Win64; x64) AppleWebKit/537.36 (KHTML, like Gecko) Chrome/131.0.0.0 Safari/537.36', 'YToyOntzOjY6Il90b2tlbiI7czo0MDoidkFTSmdPVm9TUGlQREUxMUVXeTFLaVB5V2lMMUlSRVpMVzZOUmMwQyI7czo2OiJfZmxhc2giO2E6Mjp7czozOiJvbGQiO2E6MDp7fXM6MzoibmV3IjthOjA6e319fQ==', 1732110461),
	('cmIUNlMh0X7OOttTa5HkTcRj3l3RvWm43MC05Azh', NULL, '127.0.0.1', 'Mozilla/5.0 (Windows NT 10.0; Win64; x64) AppleWebKit/537.36 (KHTML, like Gecko) Chrome/131.0.0.0 Safari/537.36', 'YToyOntzOjY6Il90b2tlbiI7czo0MDoiekN6d0ZwbkZyc1c5bU9OQllCM1U0RTJzV1NqR1pIeWFwZEZhaEVwayI7czo2OiJfZmxhc2giO2E6Mjp7czozOiJvbGQiO2E6MDp7fXM6MzoibmV3IjthOjA6e319fQ==', 1732110542),
	('cQlc4Wuf08fmB0s1SOkZd5VIhBm0CPo8L6JcHWzG', NULL, '127.0.0.1', 'Mozilla/5.0 (Windows NT 10.0; Win64; x64) AppleWebKit/537.36 (KHTML, like Gecko) Chrome/131.0.0.0 Safari/537.36', 'YTozOntzOjY6Il90b2tlbiI7czo0MDoiRXZsSUtITjZxcFc2cTNsSWJVaEVBbDNJYlVyVUhBUnNzS1luNHp6TyI7czo5OiJfcHJldmlvdXMiO2E6MTp7czozOiJ1cmwiO3M6Mjg6Imh0dHA6Ly9sb2NhbGhvc3Q6ODAwMC90aXBvc3AiO31zOjY6Il9mbGFzaCI7YToyOntzOjM6Im9sZCI7YTowOnt9czozOiJuZXciO2E6MDp7fX19', 1732111245),
	('CsOj0FTtU3GIIOz7bXwGHY0uTa7OXhXV0ntAysUS', NULL, '127.0.0.1', 'Mozilla/5.0 (Windows NT 10.0; Win64; x64) AppleWebKit/537.36 (KHTML, like Gecko) Chrome/131.0.0.0 Safari/537.36', 'YTozOntzOjY6Il90b2tlbiI7czo0MDoiaHhNZURremhhakFiR3padzZRdUdieGp3bHZrOXEwTVA0NG9teEFQYiI7czo5OiJfcHJldmlvdXMiO2E6MTp7czozOiJ1cmwiO3M6Mjk6Imh0dHA6Ly9sb2NhbGhvc3Q6ODAwMC9yb2xlcy8yIjt9czo2OiJfZmxhc2giO2E6Mjp7czozOiJvbGQiO2E6MDp7fXM6MzoibmV3IjthOjA6e319fQ==', 1732111341),
	('Cu5P4l9Rbc1O5sWOfup9hRiQPmSZWdmOTaD80dEu', NULL, '127.0.0.1', 'Mozilla/5.0 (Windows NT 10.0; Win64; x64) AppleWebKit/537.36 (KHTML, like Gecko) Chrome/131.0.0.0 Safari/537.36', 'YTozOntzOjY6Il90b2tlbiI7czo0MDoibEJvZUxwc0RHN1lETHl0SnhmaFV6OUs4dUxLenNSY1NVb256SG9yVyI7czo5OiJfcHJldmlvdXMiO2E6MTp7czozOiJ1cmwiO3M6Mjk6Imh0dHA6Ly9sb2NhbGhvc3Q6ODAwMC9yb2xlcy8zIjt9czo2OiJfZmxhc2giO2E6Mjp7czozOiJvbGQiO2E6MDp7fXM6MzoibmV3IjthOjA6e319fQ==', 1732110644),
	('d2qAytcKBBuxGyxIuYqST01755PHGmw4gF8r4mY4', NULL, '127.0.0.1', 'Mozilla/5.0 (Windows NT 10.0; Win64; x64) AppleWebKit/537.36 (KHTML, like Gecko) Chrome/131.0.0.0 Safari/537.36', 'YTozOntzOjY6Il90b2tlbiI7czo0MDoiVldpUkV6Y2p6YU9NeTVxVlpQUDd1QXpMZWNHMGtWTGFseTNwY2lQViI7czo5OiJfcHJldmlvdXMiO2E6MTp7czozOiJ1cmwiO3M6Njk6Imh0dHA6Ly9sb2NhbGhvc3Q6ODAwMC9yZXBvcnRlcy9wcm9kdWN0b3MtYmFqYS1leGlzdGVuY2lhP2lkU3VjdXJzYWw9MyI7fXM6NjoiX2ZsYXNoIjthOjI6e3M6Mzoib2xkIjthOjA6e31zOjM6Im5ldyI7YTowOnt9fX0=', 1732110768),
	('d55PY4ufLABONqi0nGJ61vGfJk6cC01m2Fl1SS7K', NULL, '127.0.0.1', 'Mozilla/5.0 (Windows NT 10.0; Win64; x64) AppleWebKit/537.36 (KHTML, like Gecko) Chrome/131.0.0.0 Safari/537.36', 'YTozOntzOjY6Il90b2tlbiI7czo0MDoiMnBtNVhxOUhFQ2RJc2ZpcVZOTUlGSmU5U1FJcHBQeEZtU01QU0VjRSI7czo5OiJfcHJldmlvdXMiO2E6MTp7czozOiJ1cmwiO3M6MzE6Imh0dHA6Ly9sb2NhbGhvc3Q6ODAwMC9hcGkvcnBzLzUiO31zOjY6Il9mbGFzaCI7YToyOntzOjM6Im9sZCI7YTowOnt9czozOiJuZXciO2E6MDp7fX19', 1732111080),
	('dgAoKn6rSbn6rhonFowmC8JJMtsC5eA4LzFh1Hxi', NULL, '127.0.0.1', 'Mozilla/5.0 (Windows NT 10.0; Win64; x64) AppleWebKit/537.36 (KHTML, like Gecko) Chrome/131.0.0.0 Safari/537.36', 'YToyOntzOjY6Il90b2tlbiI7czo0MDoiY08xNUZMSHRsRTFrYzlNTDJ4cGNUekUyV0J3U1RheFN5eDM5b1JMMCI7czo2OiJfZmxhc2giO2E6Mjp7czozOiJvbGQiO2E6MDp7fXM6MzoibmV3IjthOjA6e319fQ==', 1732110444),
	('DJRK8OArGZhThRWlPdWYnxHPA0neNo92BYo9MVDw', NULL, '127.0.0.1', 'Mozilla/5.0 (Windows NT 10.0; Win64; x64) AppleWebKit/537.36 (KHTML, like Gecko) Chrome/131.0.0.0 Safari/537.36', 'YTozOntzOjY6Il90b2tlbiI7czo0MDoiRml1eWtZME00dzR1bnVRZ3dlRVhVY09HUDh0UjN1QVBjb1JFSXNIeCI7czo5OiJfcHJldmlvdXMiO2E6MTp7czozOiJ1cmwiO3M6Mjk6Imh0dHA6Ly9sb2NhbGhvc3Q6ODAwMC9yb2xlcy8yIjt9czo2OiJfZmxhc2giO2E6Mjp7czozOiJvbGQiO2E6MDp7fXM6MzoibmV3IjthOjA6e319fQ==', 1732110975),
	('dmyHVVAhLKozhaxrMo9LbL3jb5PvcLG1ggu9T5d1', NULL, '127.0.0.1', 'Mozilla/5.0 (Windows NT 10.0; Win64; x64) AppleWebKit/537.36 (KHTML, like Gecko) Chrome/131.0.0.0 Safari/537.36', 'YToyOntzOjY6Il90b2tlbiI7czo0MDoiSFdmVDJKVmliS3J3R1dubkJvWjl0U3FrMHZnWmR4VmNQRTVkdkJzNCI7czo2OiJfZmxhc2giO2E6Mjp7czozOiJvbGQiO2E6MDp7fXM6MzoibmV3IjthOjA6e319fQ==', 1732111096),
	('dtPEvs230LO5Mgsw2iTNDfA4sOG1pQtRd513Pp4S', NULL, '127.0.0.1', 'Mozilla/5.0 (Windows NT 10.0; Win64; x64) AppleWebKit/537.36 (KHTML, like Gecko) Chrome/131.0.0.0 Safari/537.36', 'YTozOntzOjY6Il90b2tlbiI7czo0MDoiVnhJYzJORnc2QWxxUUZHSVY1WDdvOHRSQnZNVERUbDBtbDZGOG9uUCI7czo5OiJfcHJldmlvdXMiO2E6MTp7czozOiJ1cmwiO3M6Mjk6Imh0dHA6Ly9sb2NhbGhvc3Q6ODAwMC9yb2xlcy8yIjt9czo2OiJfZmxhc2giO2E6Mjp7czozOiJvbGQiO2E6MDp7fXM6MzoibmV3IjthOjA6e319fQ==', 1732111292),
	('E5UzlkigyqbpFFfJsf9hypbsJ7wZGneWr81S7j6M', NULL, '127.0.0.1', 'Mozilla/5.0 (Windows NT 10.0; Win64; x64) AppleWebKit/537.36 (KHTML, like Gecko) Chrome/131.0.0.0 Safari/537.36', 'YToyOntzOjY6Il90b2tlbiI7czo0MDoiRlZjcHp4YkpxYmtCWGEyYVRMSmwwTHp1YkVrRGVNem5LWk8xQ2RuZiI7czo2OiJfZmxhc2giO2E6Mjp7czozOiJvbGQiO2E6MDp7fXM6MzoibmV3IjthOjA6e319fQ==', 1732110476),
	('ELrXm0dHNxwWrhNAKViF3kWAq0isMg8Hlyfkedvd', NULL, '127.0.0.1', 'Mozilla/5.0 (Windows NT 10.0; Win64; x64) AppleWebKit/537.36 (KHTML, like Gecko) Chrome/131.0.0.0 Safari/537.36', 'YTozOntzOjY6Il90b2tlbiI7czo0MDoiT25jd29TaWswNXdZRXI0UmtudEFiT3daOGZDWVZ2eFV2NldpZzRENyI7czo5OiJfcHJldmlvdXMiO2E6MTp7czozOiJ1cmwiO3M6NjM6Imh0dHA6Ly9sb2NhbGhvc3Q6ODAwMC9yZXBvcnRlcy9wcm9kdWN0b3MtbWFzLXZlbmRpZG9zLW1lcz9tZXM9MSI7fXM6NjoiX2ZsYXNoIjthOjI6e3M6Mzoib2xkIjthOjA6e31zOjM6Im5ldyI7YTowOnt9fX0=', 1732110804),
	('eV3LpKR7RRIlQpcEnm0Zm5KhX6FBlcKqD7xjoP67', NULL, '127.0.0.1', 'Mozilla/5.0 (Windows NT 10.0; Win64; x64) AppleWebKit/537.36 (KHTML, like Gecko) Chrome/131.0.0.0 Safari/537.36', 'YToyOntzOjY6Il90b2tlbiI7czo0MDoiejhLdlVRNVQzekNrSW4xUGVmc1FRdTdyelVTOWRnTmZ2V08zVU82SSI7czo2OiJfZmxhc2giO2E6Mjp7czozOiJvbGQiO2E6MDp7fXM6MzoibmV3IjthOjA6e319fQ==', 1732110404),
	('EXB6AL97srEMqCxpGNotgpLAW4OTl1WR87gW609T', NULL, '127.0.0.1', 'Mozilla/5.0 (Windows NT 10.0; Win64; x64) AppleWebKit/537.36 (KHTML, like Gecko) Chrome/131.0.0.0 Safari/537.36', 'YTozOntzOjY6Il90b2tlbiI7czo0MDoiZ1k1SHBlSWVrRmtCOUo2d25GQkUxajAyRHBsZVU0WjlpSUxKS1RnRCI7czo5OiJfcHJldmlvdXMiO2E6MTp7czozOiJ1cmwiO3M6Mjk6Imh0dHA6Ly9sb2NhbGhvc3Q6ODAwMC9yb2xlcy8yIjt9czo2OiJfZmxhc2giO2E6Mjp7czozOiJvbGQiO2E6MDp7fXM6MzoibmV3IjthOjA6e319fQ==', 1732111017),
	('ey8PFLRSlD8H6Hiam4VE2lZoFLrYcZM7CtwLdOFK', NULL, '127.0.0.1', 'Mozilla/5.0 (Windows NT 10.0; Win64; x64) AppleWebKit/537.36 (KHTML, like Gecko) Chrome/131.0.0.0 Safari/537.36', 'YTozOntzOjY6Il90b2tlbiI7czo0MDoiY3pSQnRLQVJrSjFrdmlDeTBkYnhyUUZPTXRzWVNYZ1BYU2xzY2xweiI7czo5OiJfcHJldmlvdXMiO2E6MTp7czozOiJ1cmwiO3M6MzI6Imh0dHA6Ly9sb2NhbGhvc3Q6ODAwMC9zdWN1cnNhbGVzIjt9czo2OiJfZmxhc2giO2E6Mjp7czozOiJvbGQiO2E6MDp7fXM6MzoibmV3IjthOjA6e319fQ==', 1732111017),
	('FGA6wGzJdEXcEexBx5PFFmfojOztQaaXSiwyG1Mk', NULL, '127.0.0.1', 'Mozilla/5.0 (Windows NT 10.0; Win64; x64) AppleWebKit/537.36 (KHTML, like Gecko) Chrome/131.0.0.0 Safari/537.36', 'YTozOntzOjY6Il90b2tlbiI7czo0MDoidEY0MFo2VFhHRVFINk5tQm5SdVlDUUZ6YWFHVDBpcW1QNEtPQ3hGbCI7czo5OiJfcHJldmlvdXMiO2E6MTp7czozOiJ1cmwiO3M6Mjk6Imh0dHA6Ly9sb2NhbGhvc3Q6ODAwMC9yb2xlcy8yIjt9czo2OiJfZmxhc2giO2E6Mjp7czozOiJvbGQiO2E6MDp7fXM6MzoibmV3IjthOjA6e319fQ==', 1732110470),
	('fpJyiCw6ZHL09fKba7n5RpwYp0p1YYfmlL21O7jo', NULL, '127.0.0.1', 'Mozilla/5.0 (Windows NT 10.0; Win64; x64) AppleWebKit/537.36 (KHTML, like Gecko) Chrome/131.0.0.0 Safari/537.36', 'YTozOntzOjY6Il90b2tlbiI7czo0MDoiVmVkT1JzdmI5UXVOV2Y0V1dhMFExR1dweDlOSUk3TjlIOFVSaW9ESiI7czo5OiJfcHJldmlvdXMiO2E6MTp7czozOiJ1cmwiO3M6Mjg6Imh0dHA6Ly9sb2NhbGhvc3Q6ODAwMC9tYXJjYXMiO31zOjY6Il9mbGFzaCI7YToyOntzOjM6Im9sZCI7YTowOnt9czozOiJuZXciO2E6MDp7fX19', 1732111244),
	('fPrg3xeMe9pqsEqmGKQqIOEPC7i0zv3TDpG6ss6Y', NULL, '127.0.0.1', 'Mozilla/5.0 (Windows NT 10.0; Win64; x64) AppleWebKit/537.36 (KHTML, like Gecko) Chrome/131.0.0.0 Safari/537.36', 'YToyOntzOjY6Il90b2tlbiI7czo0MDoiMVY3TUNKNWtYWFN4QU0yU2NTaGZ3OXJaa053WjFiOXJITEdLbzM0WiI7czo2OiJfZmxhc2giO2E6Mjp7czozOiJvbGQiO2E6MDp7fXM6MzoibmV3IjthOjA6e319fQ==', 1732110562),
	('FSSUZZku6pPK7lhZhp1LladDOVcqCZIB29jRj46L', NULL, '127.0.0.1', 'Mozilla/5.0 (Windows NT 10.0; Win64; x64) AppleWebKit/537.36 (KHTML, like Gecko) Chrome/131.0.0.0 Safari/537.36', 'YTozOntzOjY6Il90b2tlbiI7czo0MDoicUN4UUNaRHdUWUJrYzFaU05RNEZmZ3hCZjE2aEJxMnFFZmdHSjZldyI7czo5OiJfcHJldmlvdXMiO2E6MTp7czozOiJ1cmwiO3M6Mjk6Imh0dHA6Ly9sb2NhbGhvc3Q6ODAwMC9yb2xlcy8yIjt9czo2OiJfZmxhc2giO2E6Mjp7czozOiJvbGQiO2E6MDp7fXM6MzoibmV3IjthOjA6e319fQ==', 1732111313),
	('ftABDI0cnjyy7MAQ8rE3g0fBUWIYwUTh2Qz5BDqP', NULL, '127.0.0.1', 'Mozilla/5.0 (Windows NT 10.0; Win64; x64) AppleWebKit/537.36 (KHTML, like Gecko) Chrome/131.0.0.0 Safari/537.36', 'YToyOntzOjY6Il90b2tlbiI7czo0MDoicE8zbW1SM1NFVmJZSmxyWnBNcEhsRmd6ODBMeXJ3NDkySWNhOGFISSI7czo2OiJfZmxhc2giO2E6Mjp7czozOiJvbGQiO2E6MDp7fXM6MzoibmV3IjthOjA6e319fQ==', 1732110446),
	('FXBzUciiTCTN1oqOmvzHMAs5SU4VxKdHI5vbUd9I', NULL, '127.0.0.1', 'Mozilla/5.0 (Windows NT 10.0; Win64; x64) AppleWebKit/537.36 (KHTML, like Gecko) Chrome/131.0.0.0 Safari/537.36', 'YTozOntzOjY6Il90b2tlbiI7czo0MDoiVk5wRFhYU1NkbTl6ZUw1czZJSmN6VzdiVURPMnpHdEJrZXJ1TWZSaCI7czo5OiJfcHJldmlvdXMiO2E6MTp7czozOiJ1cmwiO3M6Mjk6Imh0dHA6Ly9sb2NhbGhvc3Q6ODAwMC9yb2xlcy8yIjt9czo2OiJfZmxhc2giO2E6Mjp7czozOiJvbGQiO2E6MDp7fXM6MzoibmV3IjthOjA6e319fQ==', 1732111391),
	('G9LL4ltQKIgql9m3siBTHMkARqoS0pC8sgZfFbIj', NULL, '127.0.0.1', 'Mozilla/5.0 (Windows NT 10.0; Win64; x64) AppleWebKit/537.36 (KHTML, like Gecko) Chrome/131.0.0.0 Safari/537.36', 'YTozOntzOjY6Il90b2tlbiI7czo0MDoiOVpXS0s1ZFlZWm5rY1k2c1RSc3pFT3o5T1ZJV2p0ZXhMS01tazJxYyI7czo5OiJfcHJldmlvdXMiO2E6MTp7czozOiJ1cmwiO3M6Mzg6Imh0dHA6Ly9sb2NhbGhvc3Q6ODAwMC9hcGkvdXN1YXJpb3MvYm9iIjt9czo2OiJfZmxhc2giO2E6Mjp7czozOiJvbGQiO2E6MDp7fXM6MzoibmV3IjthOjA6e319fQ==', 1732110470),
	('ged7x4CHLgaOfazWpQgOlOQnxCWx96OvB3EuHxVN', NULL, '127.0.0.1', 'Mozilla/5.0 (Windows NT 10.0; Win64; x64) AppleWebKit/537.36 (KHTML, like Gecko) Chrome/131.0.0.0 Safari/537.36', 'YTozOntzOjY6Il90b2tlbiI7czo0MDoiVFNubVRPdDloa3ZleVE3UEt3bkNhVkVaeXk5S0kwUE5OSHFjQ281dyI7czo5OiJfcHJldmlvdXMiO2E6MTp7czozOiJ1cmwiO3M6ODQ6Imh0dHA6Ly9sb2NhbGhvc3Q6ODAwMC9yZXBvcnRlcy9jb21wcmFzUj9mZWNoYV9maW49MjAyNC0xMS0yMSZmZWNoYV9pbmljaW89MjAyNC0xMS0xOSI7fXM6NjoiX2ZsYXNoIjthOjI6e3M6Mzoib2xkIjthOjA6e31zOjM6Im5ldyI7YTowOnt9fX0=', 1732111207),
	('GFW6VbptcmhPMw27M0eMktFjMgSAUc0TAL083UBb', NULL, '127.0.0.1', 'Mozilla/5.0 (Windows NT 10.0; Win64; x64) AppleWebKit/537.36 (KHTML, like Gecko) Chrome/131.0.0.0 Safari/537.36', 'YTozOntzOjY6Il90b2tlbiI7czo0MDoid2VtOHUweHhtRkV3aVNYRlNBMDRVYnVXNTltTWZ1cTZHempjNm9BbiI7czo5OiJfcHJldmlvdXMiO2E6MTp7czozOiJ1cmwiO3M6MzY6Imh0dHA6Ly9sb2NhbGhvc3Q6ODAwMC9kYXRvc3Byb2R1Y3RvcyI7fXM6NjoiX2ZsYXNoIjthOjI6e3M6Mzoib2xkIjthOjA6e31zOjM6Im5ldyI7YTowOnt9fX0=', 1732111007),
	('GMGrn83jBxxbA6SZz97bXkuPpr6TSCqDn1KB1wI2', NULL, '127.0.0.1', 'Mozilla/5.0 (Windows NT 10.0; Win64; x64) AppleWebKit/537.36 (KHTML, like Gecko) Chrome/131.0.0.0 Safari/537.36', 'YTozOntzOjY6Il90b2tlbiI7czo0MDoiT2pzVXhEV0tDWFpheTZ3QUtrYUtBT3V4cXdscHZLcHZSWlU3TzlQSSI7czo5OiJfcHJldmlvdXMiO2E6MTp7czozOiJ1cmwiO3M6Mzg6Imh0dHA6Ly9sb2NhbGhvc3Q6ODAwMC9hcGkvdXN1YXJpb3MvYm9iIjt9czo2OiJfZmxhc2giO2E6Mjp7czozOiJvbGQiO2E6MDp7fXM6MzoibmV3IjthOjA6e319fQ==', 1732110416),
	('GPcS6Tj9SZBSm633BCeGEQ8VO8YXfx2rRf0T0xC6', NULL, '127.0.0.1', 'Mozilla/5.0 (Windows NT 10.0; Win64; x64) AppleWebKit/537.36 (KHTML, like Gecko) Chrome/131.0.0.0 Safari/537.36', 'YTozOntzOjY6Il90b2tlbiI7czo0MDoiNlljNTlXTTJ6TlFrcXJIa1Y2N3RCb0N4U2ZmS1VqZkpCN21VT0gwZSI7czo5OiJfcHJldmlvdXMiO2E6MTp7czozOiJ1cmwiO3M6Mjk6Imh0dHA6Ly9sb2NhbGhvc3Q6ODAwMC9yb2xlcy8yIjt9czo2OiJfZmxhc2giO2E6Mjp7czozOiJvbGQiO2E6MDp7fXM6MzoibmV3IjthOjA6e319fQ==', 1732110476),
	('gXcn0ciDbBdYS1LKvE9pV8tUaDew3TufQcinBec4', NULL, '127.0.0.1', 'Mozilla/5.0 (Windows NT 10.0; Win64; x64) AppleWebKit/537.36 (KHTML, like Gecko) Chrome/131.0.0.0 Safari/537.36', 'YTozOntzOjY6Il90b2tlbiI7czo0MDoiY1lEVlpJRXhKZHJBdzJlVUlQN0dmOElLMFRMakZkb3UyZmFlNGFMMCI7czo5OiJfcHJldmlvdXMiO2E6MTp7czozOiJ1cmwiO3M6Mjk6Imh0dHA6Ly9sb2NhbGhvc3Q6ODAwMC9yb2xlcy8yIjt9czo2OiJfZmxhc2giO2E6Mjp7czozOiJvbGQiO2E6MDp7fXM6MzoibmV3IjthOjA6e319fQ==', 1732111313),
	('h2l3gzInQQ4ZCBXZUQI2A2Rm5Wt89DbgbutjFJJ8', NULL, '127.0.0.1', 'Mozilla/5.0 (Windows NT 10.0; Win64; x64) AppleWebKit/537.36 (KHTML, like Gecko) Chrome/131.0.0.0 Safari/537.36', 'YTozOntzOjY6Il90b2tlbiI7czo0MDoidFVybTFiQmVqc1dMNUw5bXpJUEJ5SkhubkwzN1JMdzN0NnE3SThzeSI7czo5OiJfcHJldmlvdXMiO2E6MTp7czozOiJ1cmwiO3M6Mjk6Imh0dHA6Ly9sb2NhbGhvc3Q6ODAwMC9yb2xlcy8yIjt9czo2OiJfZmxhc2giO2E6Mjp7czozOiJvbGQiO2E6MDp7fXM6MzoibmV3IjthOjA6e319fQ==', 1732110667),
	('hAY7a8hW9AWV4i48qNU45ddtdKZ8JIu9mUKpIoUX', NULL, '127.0.0.1', 'Mozilla/5.0 (Windows NT 10.0; Win64; x64) AppleWebKit/537.36 (KHTML, like Gecko) Chrome/131.0.0.0 Safari/537.36', 'YToyOntzOjY6Il90b2tlbiI7czo0MDoidnA2amRnenp5VFNRTHNCQktLMEZjV1p6ZGY3SHVrOWVCbkdZV1FVeiI7czo2OiJfZmxhc2giO2E6Mjp7czozOiJvbGQiO2E6MDp7fXM6MzoibmV3IjthOjA6e319fQ==', 1732110542),
	('HG2YCLcfgQGkaLAQpHwV6t8PKlvprTgqOsDigzgr', NULL, '127.0.0.1', 'Mozilla/5.0 (Windows NT 10.0; Win64; x64) AppleWebKit/537.36 (KHTML, like Gecko) Chrome/131.0.0.0 Safari/537.36', 'YTozOntzOjY6Il90b2tlbiI7czo0MDoiRWVVMEFpb05MdHNrdXhnMTkwdFdLMU82TmhibkdSZlpualU1UUNxcCI7czo5OiJfcHJldmlvdXMiO2E6MTp7czozOiJ1cmwiO3M6Mjk6Imh0dHA6Ly9sb2NhbGhvc3Q6ODAwMC9yb2xlcy8yIjt9czo2OiJfZmxhc2giO2E6Mjp7czozOiJvbGQiO2E6MDp7fXM6MzoibmV3IjthOjA6e319fQ==', 1732111007),
	('HmljrtHOuS13soqVfcr6XuxXHtNhvjsU1Ow1EzbC', NULL, '127.0.0.1', 'Mozilla/5.0 (Windows NT 10.0; Win64; x64) AppleWebKit/537.36 (KHTML, like Gecko) Chrome/131.0.0.0 Safari/537.36', 'YTozOntzOjY6Il90b2tlbiI7czo0MDoiN0V4V1JLOHRBejZsZXd4SzBGODZqcE5jbHVjTG1OR2J4Sms4OFhIdCI7czo5OiJfcHJldmlvdXMiO2E6MTp7czozOiJ1cmwiO3M6Mjk6Imh0dHA6Ly9sb2NhbGhvc3Q6ODAwMC9yb2xlcy8yIjt9czo2OiJfZmxhc2giO2E6Mjp7czozOiJvbGQiO2E6MDp7fXM6MzoibmV3IjthOjA6e319fQ==', 1732111312),
	('HmNT44Q7U4IDPgEZxWovy42CLW4BPp1NsOVkfCPm', NULL, '127.0.0.1', 'Mozilla/5.0 (Windows NT 10.0; Win64; x64) AppleWebKit/537.36 (KHTML, like Gecko) Chrome/131.0.0.0 Safari/537.36', 'YTozOntzOjY6Il90b2tlbiI7czo0MDoiRUJWNkk2anRkSDUyMDNQZWg0MDk3ZGxTQU1pY3hTWUhLeEREQ215ZCI7czo5OiJfcHJldmlvdXMiO2E6MTp7czozOiJ1cmwiO3M6Mjk6Imh0dHA6Ly9sb2NhbGhvc3Q6ODAwMC9yb2xlcy8yIjt9czo2OiJfZmxhc2giO2E6Mjp7czozOiJvbGQiO2E6MDp7fXM6MzoibmV3IjthOjA6e319fQ==', 1732110713),
	('HPkVkwZDH0OIihvxHjywjHR4HrylSNXPQAbTpz1l', NULL, '127.0.0.1', 'Mozilla/5.0 (Windows NT 10.0; Win64; x64) AppleWebKit/537.36 (KHTML, like Gecko) Chrome/131.0.0.0 Safari/537.36', 'YTozOntzOjY6Il90b2tlbiI7czo0MDoiajJxN0JWQkxCUk10Tnh5VnV6MXRLN0Z6NENCUmJNZVJybHpKT3NiTyI7czo5OiJfcHJldmlvdXMiO2E6MTp7czozOiJ1cmwiO3M6MzE6Imh0dHA6Ly9sb2NhbGhvc3Q6ODAwMC9lbXBsZWFkb3MiO31zOjY6Il9mbGFzaCI7YToyOntzOjM6Im9sZCI7YTowOnt9czozOiJuZXciO2E6MDp7fX19', 1732110445),
	('hQNkLtsHeNpUwQKsSAxTpPLGrfusy78lAEXtABxl', NULL, '127.0.0.1', 'Mozilla/5.0 (Windows NT 10.0; Win64; x64) AppleWebKit/537.36 (KHTML, like Gecko) Chrome/131.0.0.0 Safari/537.36', 'YTozOntzOjY6Il90b2tlbiI7czo0MDoidW94T29ua1JoVFdjTGNFWWlIMklURzRadnAxTnM2R0xua3dPWTA2eCI7czo5OiJfcHJldmlvdXMiO2E6MTp7czozOiJ1cmwiO3M6MzI6Imh0dHA6Ly9sb2NhbGhvc3Q6ODAwMC9zdWN1cnNhbGVzIjt9czo2OiJfZmxhc2giO2E6Mjp7czozOiJvbGQiO2E6MDp7fXM6MzoibmV3IjthOjA6e319fQ==', 1732111319),
	('Ht4yP3mqtDCvM2y3nRZWBmbOc51fefI2ErMz8QgE', NULL, '127.0.0.1', 'Mozilla/5.0 (Windows NT 10.0; Win64; x64) AppleWebKit/537.36 (KHTML, like Gecko) Chrome/131.0.0.0 Safari/537.36', 'YTozOntzOjY6Il90b2tlbiI7czo0MDoiSXBWbTNJaXFlRVJ5NE9iUkxoM2VjVkxUQ3M2a0VqUmRMVG15Y0RyciI7czo5OiJfcHJldmlvdXMiO2E6MTp7czozOiJ1cmwiO3M6ODQ6Imh0dHA6Ly9sb2NhbGhvc3Q6ODAwMC9yZXBvcnRlcy9jb21wcmFzUj9mZWNoYV9maW49MjAyNC0xMi0zMSZmZWNoYV9pbmljaW89MjAyNC0xMS0wMSI7fXM6NjoiX2ZsYXNoIjthOjI6e3M6Mzoib2xkIjthOjA6e31zOjM6Im5ldyI7YTowOnt9fX0=', 1732111387),
	('hUFJ03A6O3IsfHHCNK2yGIrGnl08fqiIe9rTyYnI', NULL, '127.0.0.1', 'Mozilla/5.0 (Windows NT 10.0; Win64; x64) AppleWebKit/537.36 (KHTML, like Gecko) Chrome/131.0.0.0 Safari/537.36', 'YTozOntzOjY6Il90b2tlbiI7czo0MDoiUUlPdzY1OTBhcDFOS3FOWjJzb013SGw0V0FNbnpVeTV1TlRvbkgzWSI7czo5OiJfcHJldmlvdXMiO2E6MTp7czozOiJ1cmwiO3M6Mjc6Imh0dHA6Ly9sb2NhbGhvc3Q6ODAwMC9yb2xlcyI7fXM6NjoiX2ZsYXNoIjthOjI6e3M6Mzoib2xkIjthOjA6e31zOjM6Im5ldyI7YTowOnt9fX0=', 1732110445),
	('HXg167evxFAqslqVNNghzeaIN3J6rv3nx4rO1SDM', NULL, '127.0.0.1', 'Mozilla/5.0 (Windows NT 10.0; Win64; x64) AppleWebKit/537.36 (KHTML, like Gecko) Chrome/131.0.0.0 Safari/537.36', 'YTozOntzOjY6Il90b2tlbiI7czo0MDoiYlR4YjU3eGdXaWdoUnMyaXFFaDA2NDl4ZUNyRGFYWm8waGxiWDJPaCI7czo5OiJfcHJldmlvdXMiO2E6MTp7czozOiJ1cmwiO3M6NjY6Imh0dHA6Ly9sb2NhbGhvc3Q6ODAwMC9yZXBvcnRlcy90b3AtcHJvZHVjdG9zL3N1Y3Vyc2FsP2lkU3VjdXJzYWw9MiI7fXM6NjoiX2ZsYXNoIjthOjI6e3M6Mzoib2xkIjthOjA6e31zOjM6Im5ldyI7YTowOnt9fX0=', 1732110727),
	('i3oPy1jSo5bk3iHGdjyzGwYLAxHzZy0x5DseVcBs', NULL, '127.0.0.1', 'Mozilla/5.0 (Windows NT 10.0; Win64; x64) AppleWebKit/537.36 (KHTML, like Gecko) Chrome/131.0.0.0 Safari/537.36', 'YTozOntzOjY6Il90b2tlbiI7czo0MDoiMzdyc21icVlUWGxpSU15SzhydzJRY2V1dldSa0NZbVQyV3pGOVZTeSI7czo5OiJfcHJldmlvdXMiO2E6MTp7czozOiJ1cmwiO3M6Mjg6Imh0dHA6Ly9sb2NhbGhvc3Q6ODAwMC90aXBvc3AiO31zOjY6Il9mbGFzaCI7YToyOntzOjM6Im9sZCI7YTowOnt9czozOiJuZXciO2E6MDp7fX19', 1732111008),
	('iA2RvHdDw3DSRE8kGtu5ilz4B9qdP4KRswSnTjDJ', NULL, '127.0.0.1', 'Mozilla/5.0 (Windows NT 10.0; Win64; x64) AppleWebKit/537.36 (KHTML, like Gecko) Chrome/131.0.0.0 Safari/537.36', 'YTozOntzOjY6Il90b2tlbiI7czo0MDoiYWQ0TjhQeG9Uc0MzRUk0YUE4ZTBOZnppMkZPSVpmbERYVXFmbUVmYyI7czo5OiJfcHJldmlvdXMiO2E6MTp7czozOiJ1cmwiO3M6Mjk6Imh0dHA6Ly9sb2NhbGhvc3Q6ODAwMC9yb2xlcy8xIjt9czo2OiJfZmxhc2giO2E6Mjp7czozOiJvbGQiO2E6MDp7fXM6MzoibmV3IjthOjA6e319fQ==', 1732110461),
	('idYV5ja6vsIaZ2UyimDXOQUtb7Mt7X1jzTwXASqV', NULL, '127.0.0.1', 'Mozilla/5.0 (Windows NT 10.0; Win64; x64) AppleWebKit/537.36 (KHTML, like Gecko) Chrome/131.0.0.0 Safari/537.36', 'YTozOntzOjY6Il90b2tlbiI7czo0MDoicEZqaVR5bmo4ZmtsVjJRUElma3Nrd3lHYVpnWDE5dmR3QjhmZ1drayI7czo5OiJfcHJldmlvdXMiO2E6MTp7czozOiJ1cmwiO3M6Mjk6Imh0dHA6Ly9sb2NhbGhvc3Q6ODAwMC9yb2xlcy8yIjt9czo2OiJfZmxhc2giO2E6Mjp7czozOiJvbGQiO2E6MDp7fXM6MzoibmV3IjthOjA6e319fQ==', 1732111011),
	('ij50tEDztCUUmqwSweg8zI7nffBXp1ATt9jURy25', NULL, '127.0.0.1', 'Mozilla/5.0 (Windows NT 10.0; Win64; x64) AppleWebKit/537.36 (KHTML, like Gecko) Chrome/131.0.0.0 Safari/537.36', 'YTozOntzOjY6Il90b2tlbiI7czo0MDoiUFRSRnFnS0FhN3RyOG1rQzk5dW10TVZCZ0Z2dDc3d3BCeUpWb09NZyI7czo5OiJfcHJldmlvdXMiO2E6MTp7czozOiJ1cmwiO3M6Mjk6Imh0dHA6Ly9sb2NhbGhvc3Q6ODAwMC9yb2xlcy8yIjt9czo2OiJfZmxhc2giO2E6Mjp7czozOiJvbGQiO2E6MDp7fXM6MzoibmV3IjthOjA6e319fQ==', 1732110975),
	('IPhXBJXX4OYToOq58PliIro3aeLsV55AkUNyUot2', NULL, '127.0.0.1', 'Mozilla/5.0 (Windows NT 10.0; Win64; x64) AppleWebKit/537.36 (KHTML, like Gecko) Chrome/131.0.0.0 Safari/537.36', 'YTozOntzOjY6Il90b2tlbiI7czo0MDoiQjR0SEpkU2E2cU1hVDBTdmEzWTJsQkVqNW5KQlUyTzEzR0VrZngwOCI7czo5OiJfcHJldmlvdXMiO2E6MTp7czozOiJ1cmwiO3M6NDI6Imh0dHA6Ly9sb2NhbGhvc3Q6ODAwMC9hcGkvdXN1YXJpb3MvbWlndWV0eiI7fXM6NjoiX2ZsYXNoIjthOjI6e3M6Mzoib2xkIjthOjA6e31zOjM6Im5ldyI7YTowOnt9fX0=', 1732110561),
	('IVY8diMnbtWh1UnRei3AFFUFnTTCs41gho1x1sDW', NULL, '127.0.0.1', 'Mozilla/5.0 (Windows NT 10.0; Win64; x64) AppleWebKit/537.36 (KHTML, like Gecko) Chrome/131.0.0.0 Safari/537.36', 'YTozOntzOjY6Il90b2tlbiI7czo0MDoiY0Z1dWtqWVFTdzl0UnRQZFhJODZiUzBQM082Uk1MTkhVRmxyME4zSSI7czo5OiJfcHJldmlvdXMiO2E6MTp7czozOiJ1cmwiO3M6Njg6Imh0dHA6Ly9sb2NhbGhvc3Q6ODAwMC9yZXBvcnRlcy9wcm9kdWN0b3MtbWFzLXZlbmRpZG9zLWdlbmVyYWw/bWVzPTExIjt9czo2OiJfZmxhc2giO2E6Mjp7czozOiJvbGQiO2E6MDp7fXM6MzoibmV3IjthOjA6e319fQ==', 1732110857),
	('iyfQ4TsFBTDRS3JL2a4WqCH3uczwLIGMBreY6v3l', NULL, '127.0.0.1', 'Mozilla/5.0 (Windows NT 10.0; Win64; x64) AppleWebKit/537.36 (KHTML, like Gecko) Chrome/131.0.0.0 Safari/537.36', 'YTozOntzOjY6Il90b2tlbiI7czo0MDoia0I0UFBmdEFKNnVGUW4yVWQxb3VXWG9RbTVtRnN6TGVIZ0draWw1WiI7czo5OiJfcHJldmlvdXMiO2E6MTp7czozOiJ1cmwiO3M6Mjk6Imh0dHA6Ly9sb2NhbGhvc3Q6ODAwMC9yb2xlcy8yIjt9czo2OiJfZmxhc2giO2E6Mjp7czozOiJvbGQiO2E6MDp7fXM6MzoibmV3IjthOjA6e319fQ==', 1732111304),
	('j4Lzu50Hz9hMRcWrOup8EPzyiHtqyOkA2sPfUjGA', NULL, '127.0.0.1', 'Mozilla/5.0 (Windows NT 10.0; Win64; x64) AppleWebKit/537.36 (KHTML, like Gecko) Chrome/131.0.0.0 Safari/537.36', 'YTozOntzOjY6Il90b2tlbiI7czo0MDoiQWU4dXN0OUpha1A1bThaUW42ZXU3YkR6enpYZkRLOWFjNG9rbmZQSiI7czo5OiJfcHJldmlvdXMiO2E6MTp7czozOiJ1cmwiO3M6Mjc6Imh0dHA6Ly9sb2NhbGhvc3Q6ODAwMC9yb2xlcyI7fXM6NjoiX2ZsYXNoIjthOjI6e3M6Mzoib2xkIjthOjA6e31zOjM6Im5ldyI7YTowOnt9fX0=', 1732110475),
	('JLw5eLHDEXw7foHj9ZgyVWKQhvgnVfB9UfkyGNjC', NULL, '127.0.0.1', 'Mozilla/5.0 (Windows NT 10.0; Win64; x64) AppleWebKit/537.36 (KHTML, like Gecko) Chrome/131.0.0.0 Safari/537.36', 'YTozOntzOjY6Il90b2tlbiI7czo0MDoibUkxWE95TEtGUE5tY3doTUFkZXFCWllXQ0xCcnFGTGhYWnBDdjNMZiI7czo5OiJfcHJldmlvdXMiO2E6MTp7czozOiJ1cmwiO3M6Mjc6Imh0dHA6Ly9sb2NhbGhvc3Q6ODAwMC9yb2xlcyI7fXM6NjoiX2ZsYXNoIjthOjI6e3M6Mzoib2xkIjthOjA6e31zOjM6Im5ldyI7YTowOnt9fX0=', 1732110423),
	('jMULCoiPEtCE8vPM2zDxiWrVJRcpXfLlfpK8ksFO', NULL, '127.0.0.1', 'Mozilla/5.0 (Windows NT 10.0; Win64; x64) AppleWebKit/537.36 (KHTML, like Gecko) Chrome/131.0.0.0 Safari/537.36', 'YTozOntzOjY6Il90b2tlbiI7czo0MDoid2FVYU9Tc0FIbDB4cm4xUW1LT3ZXcGt6dEFiZUk0bHJTZFB5T291dyI7czo5OiJfcHJldmlvdXMiO2E6MTp7czozOiJ1cmwiO3M6Mjg6Imh0dHA6Ly9sb2NhbGhvc3Q6ODAwMC9tYXJjYXMiO31zOjY6Il9mbGFzaCI7YToyOntzOjM6Im9sZCI7YTowOnt9czozOiJuZXciO2E6MDp7fX19', 1732111007),
	('jOi52DACXiTrCQmvBDALdGOJGts8JyoRE0CrfgBA', NULL, '127.0.0.1', 'Mozilla/5.0 (Windows NT 10.0; Win64; x64) AppleWebKit/537.36 (KHTML, like Gecko) Chrome/131.0.0.0 Safari/537.36', 'YToyOntzOjY6Il90b2tlbiI7czo0MDoibVczTUhGbDFtdkZkSnlTV1ZERGcyeG9NWEY0ZzlvbHE1bTlDakpNdSI7czo2OiJfZmxhc2giO2E6Mjp7czozOiJvbGQiO2E6MDp7fXM6MzoibmV3IjthOjA6e319fQ==', 1732110667),
	('jx44wxnZoZzlrGRoolANdFXKGiJTGIvorQn0J5vb', NULL, '127.0.0.1', 'Mozilla/5.0 (Windows NT 10.0; Win64; x64) AppleWebKit/537.36 (KHTML, like Gecko) Chrome/131.0.0.0 Safari/537.36', 'YToyOntzOjY6Il90b2tlbiI7czo0MDoiOE1CVTkxS2NMc251b0Uwa2NDSEowTk9icEVFQWpWMW9IYVhlMDBaSiI7czo2OiJfZmxhc2giO2E6Mjp7czozOiJvbGQiO2E6MDp7fXM6MzoibmV3IjthOjA6e319fQ==', 1732110470),
	('Kaf1uXZUXX5cMyltbpoHrE6s89YiTu0TXwRKfPZo', NULL, '127.0.0.1', 'Mozilla/5.0 (Windows NT 10.0; Win64; x64) AppleWebKit/537.36 (KHTML, like Gecko) Chrome/131.0.0.0 Safari/537.36', 'YTozOntzOjY6Il90b2tlbiI7czo0MDoiZDRhVmVWelBvaUMzaUhqSFFHNjhRSk1sMmthWVBhT3RidXlnVzN3VSI7czo5OiJfcHJldmlvdXMiO2E6MTp7czozOiJ1cmwiO3M6Mjk6Imh0dHA6Ly9sb2NhbGhvc3Q6ODAwMC9yb2xlcy8yIjt9czo2OiJfZmxhc2giO2E6Mjp7czozOiJvbGQiO2E6MDp7fXM6MzoibmV3IjthOjA6e319fQ==', 1732111010),
	('kEvQ7EpiwpjFyEFq1uFvRsO9l9nlDaw9FeYb5OEh', NULL, '127.0.0.1', 'Mozilla/5.0 (Windows NT 10.0; Win64; x64) AppleWebKit/537.36 (KHTML, like Gecko) Chrome/131.0.0.0 Safari/537.36', 'YTozOntzOjY6Il90b2tlbiI7czo0MDoiemt0UGJ6cmNhdlFlMWNhYVQyN1pJNzhZMnNDVWFLT0JIOWp6YU0zNCI7czo5OiJfcHJldmlvdXMiO2E6MTp7czozOiJ1cmwiO3M6Mjk6Imh0dHA6Ly9sb2NhbGhvc3Q6ODAwMC9yb2xlcy8yIjt9czo2OiJfZmxhc2giO2E6Mjp7czozOiJvbGQiO2E6MDp7fXM6MzoibmV3IjthOjA6e319fQ==', 1732111311),
	('KUu9AKvowRwi0d98SJ5RKjNi2fl8igQXgOnsZ3ki', NULL, '127.0.0.1', 'Mozilla/5.0 (Windows NT 10.0; Win64; x64) AppleWebKit/537.36 (KHTML, like Gecko) Chrome/131.0.0.0 Safari/537.36', 'YTozOntzOjY6Il90b2tlbiI7czo0MDoiQTkyVndRSk1yU2VXUmREeERGcEdSYnV5U01LR3Q2N3hlUVFHWXFBRCI7czo5OiJfcHJldmlvdXMiO2E6MTp7czozOiJ1cmwiO3M6Mjk6Imh0dHA6Ly9sb2NhbGhvc3Q6ODAwMC9yb2xlcy8yIjt9czo2OiJfZmxhc2giO2E6Mjp7czozOiJvbGQiO2E6MDp7fXM6MzoibmV3IjthOjA6e319fQ==', 1732111012),
	('KviHU60TTkOpsmSsdnJGpvx9QRingqVuLXOGP9Qi', NULL, '127.0.0.1', 'Mozilla/5.0 (Windows NT 10.0; Win64; x64) AppleWebKit/537.36 (KHTML, like Gecko) Chrome/131.0.0.0 Safari/537.36', 'YTozOntzOjY6Il90b2tlbiI7czo0MDoiVTZSc2ZENk82TVpQeG9mMmFUUjhZUzJvYVR5QWI2THA3QjlRMXlFMSI7czo5OiJfcHJldmlvdXMiO2E6MTp7czozOiJ1cmwiO3M6Mjk6Imh0dHA6Ly9sb2NhbGhvc3Q6ODAwMC9yb2xlcy8yIjt9czo2OiJfZmxhc2giO2E6Mjp7czozOiJvbGQiO2E6MDp7fXM6MzoibmV3IjthOjA6e319fQ==', 1732111291),
	('kz35rAcB8NheGod5dZEuRPfnKT19SFu1CltUyPui', NULL, '127.0.0.1', 'Mozilla/5.0 (Windows NT 10.0; Win64; x64) AppleWebKit/537.36 (KHTML, like Gecko) Chrome/131.0.0.0 Safari/537.36', 'YTozOntzOjY6Il90b2tlbiI7czo0MDoiZWF5ZkJXNVNEbDQwMGZHVnBRU0hTNFRhRnRXaHVoZFhJYTFNUDVYQiI7czo5OiJfcHJldmlvdXMiO2E6MTp7czozOiJ1cmwiO3M6Mjk6Imh0dHA6Ly9sb2NhbGhvc3Q6ODAwMC9yb2xlcy8yIjt9czo2OiJfZmxhc2giO2E6Mjp7czozOiJvbGQiO2E6MDp7fXM6MzoibmV3IjthOjA6e319fQ==', 1732110417),
	('KzmKz8E55G8CmH35kQ1gGwwyK8qutvKcybcL2QEi', NULL, '127.0.0.1', 'Mozilla/5.0 (Windows NT 10.0; Win64; x64) AppleWebKit/537.36 (KHTML, like Gecko) Chrome/131.0.0.0 Safari/537.36', 'YTozOntzOjY6Il90b2tlbiI7czo0MDoiNTZSUE5JR25jVjJCN3hxSlNOOTFRa0xiMGxaQzd4TUE3QUR6NkdENSI7czo5OiJfcHJldmlvdXMiO2E6MTp7czozOiJ1cmwiO3M6Mjk6Imh0dHA6Ly9sb2NhbGhvc3Q6ODAwMC9yb2xlcy8yIjt9czo2OiJfZmxhc2giO2E6Mjp7czozOiJvbGQiO2E6MDp7fXM6MzoibmV3IjthOjA6e319fQ==', 1732111396),
	('lbQQ5J1svw8i70F4tgMRUx2CwCh835Jm5DtWcvBj', NULL, '127.0.0.1', 'Mozilla/5.0 (Windows NT 10.0; Win64; x64) AppleWebKit/537.36 (KHTML, like Gecko) Chrome/131.0.0.0 Safari/537.36', 'YToyOntzOjY6Il90b2tlbiI7czo0MDoiRkQ4aVNVUFA0ZDFDS2Y2Z0w3bEd2VXFVTk54eVFibFZIQ2FWam5PYSI7czo2OiJfZmxhc2giO2E6Mjp7czozOiJvbGQiO2E6MDp7fXM6MzoibmV3IjthOjA6e319fQ==', 1732110542),
	('lBtcAk57TCPbx6sRJNoLXjFW4CpLZCIhq6cpLPEb', NULL, '127.0.0.1', 'Mozilla/5.0 (Windows NT 10.0; Win64; x64) AppleWebKit/537.36 (KHTML, like Gecko) Chrome/131.0.0.0 Safari/537.36', 'YTozOntzOjY6Il90b2tlbiI7czo0MDoiUnQxdlNmUTRTZURKZ2VoV29PZ2hZN0U1eE9xMktwZENTd3FzWVo1RSI7czo5OiJfcHJldmlvdXMiO2E6MTp7czozOiJ1cmwiO3M6NzI6Imh0dHA6Ly9sb2NhbGhvc3Q6ODAwMC9yZXBvcnRlcy9jbGllbnRlcy1mcmVjdWVudGVzLXN1Y3Vyc2FsP2lkU3VjdXJzYWw9MyI7fXM6NjoiX2ZsYXNoIjthOjI6e3M6Mzoib2xkIjthOjA6e31zOjM6Im5ldyI7YTowOnt9fX0=', 1732110880),
	('Lh2qKXFw4AmEB2Iv5YNn2H0yudAwM7MpUAUj9gia', NULL, '127.0.0.1', 'Mozilla/5.0 (Windows NT 10.0; Win64; x64) AppleWebKit/537.36 (KHTML, like Gecko) Chrome/131.0.0.0 Safari/537.36', 'YTozOntzOjY6Il90b2tlbiI7czo0MDoiY1I0WXlqcjdoenUybGhKd0ZPY2V6c2Y4Z1JXWHpLV0szaERwMzgxbSI7czo5OiJfcHJldmlvdXMiO2E6MTp7czozOiJ1cmwiO3M6Mjk6Imh0dHA6Ly9sb2NhbGhvc3Q6ODAwMC9yb2xlcy8yIjt9czo2OiJfZmxhc2giO2E6Mjp7czozOiJvbGQiO2E6MDp7fXM6MzoibmV3IjthOjA6e319fQ==', 1732111294),
	('LP89yoq2u7R0kuRSCHDgn03PSSue0jaI1FpqXyah', NULL, '127.0.0.1', 'Mozilla/5.0 (Windows NT 10.0; Win64; x64) AppleWebKit/537.36 (KHTML, like Gecko) Chrome/131.0.0.0 Safari/537.36', 'YTozOntzOjY6Il90b2tlbiI7czo0MDoiOUg1NjNNMUxBSEFwb0pRTjFtTjVvSWRZZlJsb2ZiYXRhbXVOazYycCI7czo5OiJfcHJldmlvdXMiO2E6MTp7czozOiJ1cmwiO3M6NjM6Imh0dHA6Ly9sb2NhbGhvc3Q6ODAwMC9yZXBvcnRlcy9wcm9kdWN0b3MtbWFzLXZlbmRpZG9zLW1lcz9tZXM9NCI7fXM6NjoiX2ZsYXNoIjthOjI6e3M6Mzoib2xkIjthOjA6e31zOjM6Im5ldyI7YTowOnt9fX0=', 1732110815),
	('lt86MvkZ3QK7veKua3HymoPlOAZJgwehdlRdIHcf', NULL, '127.0.0.1', 'Mozilla/5.0 (Windows NT 10.0; Win64; x64) AppleWebKit/537.36 (KHTML, like Gecko) Chrome/131.0.0.0 Safari/537.36', 'YTozOntzOjY6Il90b2tlbiI7czo0MDoiUVVPWG00QjZKakhkd1ZCNGo1WXYyS1MyTmFsUml6NVB1Z3lQaE9mMyI7czo5OiJfcHJldmlvdXMiO2E6MTp7czozOiJ1cmwiO3M6Mjk6Imh0dHA6Ly9sb2NhbGhvc3Q6ODAwMC9jb21wcmFzIjt9czo2OiJfZmxhc2giO2E6Mjp7czozOiJvbGQiO2E6MDp7fXM6MzoibmV3IjthOjA6e319fQ==', 1732111391),
	('MapYt8NOfzfMS10xNMLu7VpbLys8r3HkxTHxn7SS', NULL, '127.0.0.1', 'Mozilla/5.0 (Windows NT 10.0; Win64; x64) AppleWebKit/537.36 (KHTML, like Gecko) Chrome/131.0.0.0 Safari/537.36', 'YTozOntzOjY6Il90b2tlbiI7czo0MDoiSVdQMGtEMzh4VDFkNVdqbGU4SWc0MGdyRTNtVWRLTHBaMnh1bVpXUCI7czo5OiJfcHJldmlvdXMiO2E6MTp7czozOiJ1cmwiO3M6Mjk6Imh0dHA6Ly9sb2NhbGhvc3Q6ODAwMC9yb2xlcy8yIjt9czo2OiJfZmxhc2giO2E6Mjp7czozOiJvbGQiO2E6MDp7fXM6MzoibmV3IjthOjA6e319fQ==', 1732111124),
	('Mb7hpJ51XAgGBVcKZ9TN6PedbtEyBsuKU7UWsu1V', NULL, '127.0.0.1', 'Mozilla/5.0 (Windows NT 10.0; Win64; x64) AppleWebKit/537.36 (KHTML, like Gecko) Chrome/131.0.0.0 Safari/537.36', 'YTozOntzOjY6Il90b2tlbiI7czo0MDoiclpJWjk3dlRaM09IRmpMNld5QTNRU0xmN3RUN2M0eUMwOWpsNUQwQSI7czo5OiJfcHJldmlvdXMiO2E6MTp7czozOiJ1cmwiO3M6Mjk6Imh0dHA6Ly9sb2NhbGhvc3Q6ODAwMC9yb2xlcy8yIjt9czo2OiJfZmxhc2giO2E6Mjp7czozOiJvbGQiO2E6MDp7fXM6MzoibmV3IjthOjA6e319fQ==', 1732110716),
	('MD6uT4eZ7rNgHw9b1DC3W7ZgVw4YcsHgmnVkin1q', NULL, '127.0.0.1', 'Mozilla/5.0 (Windows NT 10.0; Win64; x64) AppleWebKit/537.36 (KHTML, like Gecko) Chrome/131.0.0.0 Safari/537.36', 'YTozOntzOjY6Il90b2tlbiI7czo0MDoicFZ3bkZ6REtxZVhUYU44RnB4c3p6b0U1R0oxY09rdU1ZRVVZa2tuZiI7czo5OiJfcHJldmlvdXMiO2E6MTp7czozOiJ1cmwiO3M6Mjk6Imh0dHA6Ly9sb2NhbGhvc3Q6ODAwMC9jb21wcmFzIjt9czo2OiJfZmxhc2giO2E6Mjp7czozOiJvbGQiO2E6MDp7fXM6MzoibmV3IjthOjA6e319fQ==', 1732111341),
	('Mu8dTPjYUFVMILHNnadoAvboA46kDDZNqfhfY5ll', NULL, '127.0.0.1', 'Mozilla/5.0 (Windows NT 10.0; Win64; x64) AppleWebKit/537.36 (KHTML, like Gecko) Chrome/131.0.0.0 Safari/537.36', 'YTozOntzOjY6Il90b2tlbiI7czo0MDoiMkRpS2Z2VGRjSmY2S2lVUHl2d1UzUzcwNVVPSXBhT01TempNak9ITiI7czo5OiJfcHJldmlvdXMiO2E6MTp7czozOiJ1cmwiO3M6ODQ6Imh0dHA6Ly9sb2NhbGhvc3Q6ODAwMC9yZXBvcnRlcy9jb21wcmFzUj9mZWNoYV9maW49MjAyNC0xMS0zMCZmZWNoYV9pbmljaW89MjAyNC0xMS0wMSI7fXM6NjoiX2ZsYXNoIjthOjI6e3M6Mzoib2xkIjthOjA6e31zOjM6Im5ldyI7YTowOnt9fX0=', 1732110958),
	('n5FvjixYiG5BfosUH5IFQUJhvMVgyv3oDO2TzlYW', NULL, '127.0.0.1', 'Mozilla/5.0 (Windows NT 10.0; Win64; x64) AppleWebKit/537.36 (KHTML, like Gecko) Chrome/131.0.0.0 Safari/537.36', 'YTozOntzOjY6Il90b2tlbiI7czo0MDoiQ0dRa2FsM0VxUHVzTnd2a2NGcFFtbGwwc2RieW9WcGRWZmR1bUY2bCI7czo5OiJfcHJldmlvdXMiO2E6MTp7czozOiJ1cmwiO3M6MzA6Imh0dHA6Ly9sb2NhbGhvc3Q6ODAwMC91c3VhcmlvcyI7fXM6NjoiX2ZsYXNoIjthOjI6e3M6Mzoib2xkIjthOjA6e31zOjM6Im5ldyI7YTowOnt9fX0=', 1732110445),
	('n7rVPyOfvfE8mEt0avIMncqOava6T2DIaeEPrWGo', NULL, '127.0.0.1', 'Mozilla/5.0 (Windows NT 10.0; Win64; x64) AppleWebKit/537.36 (KHTML, like Gecko) Chrome/131.0.0.0 Safari/537.36', 'YTozOntzOjY6Il90b2tlbiI7czo0MDoiMWFpRGh3ZVJwRDdmeGNyMjlJd05VZGlQSlgxWHh2OUN4TlVsT01LYiI7czo5OiJfcHJldmlvdXMiO2E6MTp7czozOiJ1cmwiO3M6MzE6Imh0dHA6Ly9sb2NhbGhvc3Q6ODAwMC9lbXBsZWFkb3MiO31zOjY6Il9mbGFzaCI7YToyOntzOjM6Im9sZCI7YTowOnt9czozOiJuZXciO2E6MDp7fX19', 1732110475),
	('N9q4QYAKyeXpSo1oh5XpIvnb4RFdQGKnr1A0AyUh', NULL, '127.0.0.1', 'Mozilla/5.0 (Windows NT 10.0; Win64; x64) AppleWebKit/537.36 (KHTML, like Gecko) Chrome/131.0.0.0 Safari/537.36', 'YTozOntzOjY6Il90b2tlbiI7czo0MDoiaGNwQmdDSVJIRWRTdFZrZVk4aWdZbHpiUW16RXpxWUI0a0xPWkMySyI7czo5OiJfcHJldmlvdXMiO2E6MTp7czozOiJ1cmwiO3M6Mzg6Imh0dHA6Ly9sb2NhbGhvc3Q6ODAwMC9hcGkvdXN1YXJpb3MvYm9iIjt9czo2OiJfZmxhc2giO2E6Mjp7czozOiJvbGQiO2E6MDp7fXM6MzoibmV3IjthOjA6e319fQ==', 1732110666),
	('ndRHRtfA1jLYSCQC4G07wCdjFUOwt5bobwYkg5c9', NULL, '127.0.0.1', 'Mozilla/5.0 (Windows NT 10.0; Win64; x64) AppleWebKit/537.36 (KHTML, like Gecko) Chrome/131.0.0.0 Safari/537.36', 'YTozOntzOjY6Il90b2tlbiI7czo0MDoid2dpckhTb3FKaDBzcGZXdWl4TzBwOWNZV29ZU2Y5bVJ0dndDMkE5cCI7czo5OiJfcHJldmlvdXMiO2E6MTp7czozOiJ1cmwiO3M6Mjk6Imh0dHA6Ly9sb2NhbGhvc3Q6ODAwMC9yb2xlcy8xIjt9czo2OiJfZmxhc2giO2E6Mjp7czozOiJvbGQiO2E6MDp7fXM6MzoibmV3IjthOjA6e319fQ==', 1732110404),
	('NH0jNcQBWauCTrLu15ytrxVUJR00wBWvt40DHIyj', NULL, '127.0.0.1', 'Mozilla/5.0 (Windows NT 10.0; Win64; x64) AppleWebKit/537.36 (KHTML, like Gecko) Chrome/131.0.0.0 Safari/537.36', 'YTozOntzOjY6Il90b2tlbiI7czo0MDoiRXZKY0VWTUV2UnBBanY4QnJ5V2JSZXRvVElIMmpYNGlrNU9qb2hiUCI7czo5OiJfcHJldmlvdXMiO2E6MTp7czozOiJ1cmwiO3M6MzE6Imh0dHA6Ly9sb2NhbGhvc3Q6ODAwMC9hcGkvcnBzLzMiO31zOjY6Il9mbGFzaCI7YToyOntzOjM6Im9sZCI7YTowOnt9czozOiJuZXciO2E6MDp7fX19', 1732111056),
	('nHUUBOwh9SE2XNY0rz4LocEtkaTg9ntxHhhfOzi4', NULL, '127.0.0.1', 'Mozilla/5.0 (Windows NT 10.0; Win64; x64) AppleWebKit/537.36 (KHTML, like Gecko) Chrome/131.0.0.0 Safari/537.36', 'YTozOntzOjY6Il90b2tlbiI7czo0MDoiUklXRzE1V3FOV1ZNRE9HUDRldlQwM1M4RGlMSFNmMFBkTWRhUDAxdSI7czo5OiJfcHJldmlvdXMiO2E6MTp7czozOiJ1cmwiO3M6NjM6Imh0dHA6Ly9sb2NhbGhvc3Q6ODAwMC9yZXBvcnRlcy9wcm9kdWN0b3MtbWFzLXZlbmRpZG9zLW1lcz9tZXM9MyI7fXM6NjoiX2ZsYXNoIjthOjI6e3M6Mzoib2xkIjthOjA6e31zOjM6Im5ldyI7YTowOnt9fX0=', 1732110819),
	('njntOmvhl0pkqFPcvzbFXjhPiZKHX25ZlcjKxL9E', NULL, '127.0.0.1', 'Mozilla/5.0 (Windows NT 10.0; Win64; x64) AppleWebKit/537.36 (KHTML, like Gecko) Chrome/131.0.0.0 Safari/537.36', 'YTozOntzOjY6Il90b2tlbiI7czo0MDoiWHpQR2Z5U1RyeUNFN0kyNFVFYXhPaHZpSWRUS25WQzZVOFVpRTFzVyI7czo5OiJfcHJldmlvdXMiO2E6MTp7czozOiJ1cmwiO3M6Mjk6Imh0dHA6Ly9sb2NhbGhvc3Q6ODAwMC9yb2xlcy8yIjt9czo2OiJfZmxhc2giO2E6Mjp7czozOiJvbGQiO2E6MDp7fXM6MzoibmV3IjthOjA6e319fQ==', 1732110474),
	('noRzmY3aETqOEOp7fvB5ZVms6GqC3WS76LxnCO8V', NULL, '127.0.0.1', 'Mozilla/5.0 (Windows NT 10.0; Win64; x64) AppleWebKit/537.36 (KHTML, like Gecko) Chrome/131.0.0.0 Safari/537.36', 'YToyOntzOjY6Il90b2tlbiI7czo0MDoicVIzQ1dXWjlROEpPWnZWOFpEaW83Zlo3blJpN1p5dUk5bkViRkNFRSI7czo2OiJfZmxhc2giO2E6Mjp7czozOiJvbGQiO2E6MDp7fXM6MzoibmV3IjthOjA6e319fQ==', 1732110447),
	('NXBjoU22lBIdRzoaM3O65z4bN9dczfFiEk4lq7OD', NULL, '127.0.0.1', 'Mozilla/5.0 (Windows NT 10.0; Win64; x64) AppleWebKit/537.36 (KHTML, like Gecko) Chrome/131.0.0.0 Safari/537.36', 'YTozOntzOjY6Il90b2tlbiI7czo0MDoicjB5MTlJWEFNQU5GcDJPZTl5T0REUGpUV2Y4RmNoVlNhb3JmMEFIWiI7czo5OiJfcHJldmlvdXMiO2E6MTp7czozOiJ1cmwiO3M6Mjk6Imh0dHA6Ly9sb2NhbGhvc3Q6ODAwMC9yb2xlcy8yIjt9czo2OiJfZmxhc2giO2E6Mjp7czozOiJvbGQiO2E6MDp7fXM6MzoibmV3IjthOjA6e319fQ==', 1732111244),
	('nZhBk2BBHUIw6MomGKvBFkRFIvUfWmkgp3Rv45ld', NULL, '127.0.0.1', 'Mozilla/5.0 (Windows NT 10.0; Win64; x64) AppleWebKit/537.36 (KHTML, like Gecko) Chrome/131.0.0.0 Safari/537.36', 'YTozOntzOjY6Il90b2tlbiI7czo0MDoic0RzTm83c0JxaXZSRXZKbHZXTzhQZkhZZnJ0UXhhNllZMk9WSURMRiI7czo5OiJfcHJldmlvdXMiO2E6MTp7czozOiJ1cmwiO3M6Njk6Imh0dHA6Ly9sb2NhbGhvc3Q6ODAwMC9yZXBvcnRlcy9wcm9kdWN0b3MtYmFqYS1leGlzdGVuY2lhP2lkU3VjdXJzYWw9NSI7fXM6NjoiX2ZsYXNoIjthOjI6e3M6Mzoib2xkIjthOjA6e31zOjM6Im5ldyI7YTowOnt9fX0=', 1732110775),
	('NZzPKUqtuc9627CSlIs7hfL8RZaqyMgLUbNAlxq8', NULL, '127.0.0.1', 'Mozilla/5.0 (Windows NT 10.0; Win64; x64) AppleWebKit/537.36 (KHTML, like Gecko) Chrome/131.0.0.0 Safari/537.36', 'YTozOntzOjY6Il90b2tlbiI7czo0MDoiVHNja3FSRU1TUWxBdVZkQ3pKaXkyamdpeHNkUkRHaTh0WGZhQjB3SCI7czo5OiJfcHJldmlvdXMiO2E6MTp7czozOiJ1cmwiO3M6MzI6Imh0dHA6Ly9sb2NhbGhvc3Q6ODAwMC9zdWN1cnNhbGVzIjt9czo2OiJfZmxhc2giO2E6Mjp7czozOiJvbGQiO2E6MDp7fXM6MzoibmV3IjthOjA6e319fQ==', 1732111313),
	('oogRKh0pGpX5tpgQ6YZ3SYqT01rZnRhHh0U5ezs7', NULL, '127.0.0.1', 'Mozilla/5.0 (Windows NT 10.0; Win64; x64) AppleWebKit/537.36 (KHTML, like Gecko) Chrome/131.0.0.0 Safari/537.36', 'YTozOntzOjY6Il90b2tlbiI7czo0MDoiYnVSQ3pmSEc5cHY5UkZBeFI0eVpUa2twZzF6VGJ6aG9EQ1V3MDI0ayI7czo5OiJfcHJldmlvdXMiO2E6MTp7czozOiJ1cmwiO3M6Mjk6Imh0dHA6Ly9sb2NhbGhvc3Q6ODAwMC9yb2xlcy8yIjt9czo2OiJfZmxhc2giO2E6Mjp7czozOiJvbGQiO2E6MDp7fXM6MzoibmV3IjthOjA6e319fQ==', 1732111008),
	('oqO3r5IxRHGErTIfrHOyze7U6yKO9CvKaxaIbKlG', NULL, '127.0.0.1', 'Mozilla/5.0 (Windows NT 10.0; Win64; x64) AppleWebKit/537.36 (KHTML, like Gecko) Chrome/131.0.0.0 Safari/537.36', 'YToyOntzOjY6Il90b2tlbiI7czo0MDoiYWcxUnRSQUVyc3U0cDhJTTBuR2NQNUhnWHFaSlBJbFhjRU8yTU9WUSI7czo2OiJfZmxhc2giO2E6Mjp7czozOiJvbGQiO2E6MDp7fXM6MzoibmV3IjthOjA6e319fQ==', 1732110541),
	('PcAJFArm0Og4IQMQXR7109TqIrzlCOVcQOLYssxn', NULL, '127.0.0.1', 'Mozilla/5.0 (Windows NT 10.0; Win64; x64) AppleWebKit/537.36 (KHTML, like Gecko) Chrome/131.0.0.0 Safari/537.36', 'YToyOntzOjY6Il90b2tlbiI7czo0MDoiUWY2dEhBOVBkNVVsOWpDeEFSYUxPdzVIWHhRYUN2bm1HQTc2SGtROSI7czo2OiJfZmxhc2giO2E6Mjp7czozOiJvbGQiO2E6MDp7fXM6MzoibmV3IjthOjA6e319fQ==', 1732110452),
	('pL15sH0yoTt24EXwFYADJyy3fkgbu04hlRTtrgAR', NULL, '127.0.0.1', 'Mozilla/5.0 (Windows NT 10.0; Win64; x64) AppleWebKit/537.36 (KHTML, like Gecko) Chrome/131.0.0.0 Safari/537.36', 'YTozOntzOjY6Il90b2tlbiI7czo0MDoiQU10UzY5bkNQYnJveHRyNXRUYzR4SUFURzdVaUJrdERaaDc5MjQzbSI7czo5OiJfcHJldmlvdXMiO2E6MTp7czozOiJ1cmwiO3M6Mjk6Imh0dHA6Ly9sb2NhbGhvc3Q6ODAwMC9yb2xlcy8yIjt9czo2OiJfZmxhc2giO2E6Mjp7czozOiJvbGQiO2E6MDp7fXM6MzoibmV3IjthOjA6e319fQ==', 1732111014),
	('PM7SGZeJGH56wOWyCsof9Qnrvbw85NsEIf5qxx4r', NULL, '127.0.0.1', 'Mozilla/5.0 (Windows NT 10.0; Win64; x64) AppleWebKit/537.36 (KHTML, like Gecko) Chrome/131.0.0.0 Safari/537.36', 'YTozOntzOjY6Il90b2tlbiI7czo0MDoiM3kybzBKRXVKTzZqZ01KUzhuZGtaR3NkSG85dTRWcEY3ZU1sSjlSSCI7czo5OiJfcHJldmlvdXMiO2E6MTp7czozOiJ1cmwiO3M6NjQ6Imh0dHA6Ly9sb2NhbGhvc3Q6ODAwMC9yZXBvcnRlcy9wcm9kdWN0b3MtbWFzLXZlbmRpZG9zLW1lcz9tZXM9MTEiO31zOjY6Il9mbGFzaCI7YToyOntzOjM6Im9sZCI7YTowOnt9czozOiJuZXciO2E6MDp7fX19', 1732110789),
	('poMwpVVHSlNIoCRtQ48oGJpNhhWCM50ov70YOA3n', NULL, '127.0.0.1', 'Mozilla/5.0 (Windows NT 10.0; Win64; x64) AppleWebKit/537.36 (KHTML, like Gecko) Chrome/131.0.0.0 Safari/537.36', 'YTozOntzOjY6Il90b2tlbiI7czo0MDoiU0lrUWIzQ0pLNUhCbFB2RTBxaTd2YzRjRUs3R0dDVmE0Y3hIbWpGNiI7czo5OiJfcHJldmlvdXMiO2E6MTp7czozOiJ1cmwiO3M6NDA6Imh0dHA6Ly9sb2NhbGhvc3Q6ODAwMC9yZXBvcnRlcy9oaXN0b3JpYWwiO31zOjY6Il9mbGFzaCI7YToyOntzOjM6Im9sZCI7YTowOnt9czozOiJuZXciO2E6MDp7fX19', 1732111021),
	('pujy6IneiqxYWw4yqk4qryRtipkzHFDbq8KU4Jsn', NULL, '127.0.0.1', 'Mozilla/5.0 (Windows NT 10.0; Win64; x64) AppleWebKit/537.36 (KHTML, like Gecko) Chrome/131.0.0.0 Safari/537.36', 'YTozOntzOjY6Il90b2tlbiI7czo0MDoiYnBaWnoxUEg3dGxWMHExd1RNVDUyYlNONWtGSk5NUXR2ckk3Q2lhciI7czo5OiJfcHJldmlvdXMiO2E6MTp7czozOiJ1cmwiO3M6Njg6Imh0dHA6Ly9sb2NhbGhvc3Q6ODAwMC9yZXBvcnRlcy9wcm9kdWN0b3MtbWFzLXZlbmRpZG9zLWdlbmVyYWw/bWVzPTEyIjt9czo2OiJfZmxhc2giO2E6Mjp7czozOiJvbGQiO2E6MDp7fXM6MzoibmV3IjthOjA6e319fQ==', 1732110862),
	('Q0HOerCNRpdKNAh0p9tlgGlqAQCliTi2o2Atskxk', NULL, '127.0.0.1', 'Mozilla/5.0 (Windows NT 10.0; Win64; x64) AppleWebKit/537.36 (KHTML, like Gecko) Chrome/131.0.0.0 Safari/537.36', 'YTozOntzOjY6Il90b2tlbiI7czo0MDoiZDcxeUNmdUtNVFJaZG9FaDFXRnVIdVNnV3FTbW5tamMwaWw4ZGxyYiI7czo5OiJfcHJldmlvdXMiO2E6MTp7czozOiJ1cmwiO3M6MzI6Imh0dHA6Ly9sb2NhbGhvc3Q6ODAwMC9zdWN1cnNhbGVzIjt9czo2OiJfZmxhc2giO2E6Mjp7czozOiJvbGQiO2E6MDp7fXM6MzoibmV3IjthOjA6e319fQ==', 1732111054),
	('qoHzQK2Webh1gvX27wURfbduRQtWwlKz6HWT26uC', NULL, '127.0.0.1', 'Mozilla/5.0 (Windows NT 10.0; Win64; x64) AppleWebKit/537.36 (KHTML, like Gecko) Chrome/131.0.0.0 Safari/537.36', 'YTozOntzOjY6Il90b2tlbiI7czo0MDoiN2hadGJRTmVCNGtwR1YydzhON0Nmd2VPRjlMUXhjbzd3b1RYMWhHUiI7czo5OiJfcHJldmlvdXMiO2E6MTp7czozOiJ1cmwiO3M6Mjk6Imh0dHA6Ly9sb2NhbGhvc3Q6ODAwMC9yb2xlcy8yIjt9czo2OiJfZmxhc2giO2E6Mjp7czozOiJvbGQiO2E6MDp7fXM6MzoibmV3IjthOjA6e319fQ==', 1732111319),
	('qyOuHXXRr66lSyvZjOF7NdnInAVrB4Ov5P76g0qb', NULL, '127.0.0.1', 'Mozilla/5.0 (Windows NT 10.0; Win64; x64) AppleWebKit/537.36 (KHTML, like Gecko) Chrome/131.0.0.0 Safari/537.36', 'YTozOntzOjY6Il90b2tlbiI7czo0MDoicWYyVzhINHBtQ3RVejF0YkVNR1lnUXFoZkJqSkNTdVVaWDVoOGxxOSI7czo5OiJfcHJldmlvdXMiO2E6MTp7czozOiJ1cmwiO3M6Mjk6Imh0dHA6Ly9sb2NhbGhvc3Q6ODAwMC9yb2xlcy8yIjt9czo2OiJfZmxhc2giO2E6Mjp7czozOiJvbGQiO2E6MDp7fXM6MzoibmV3IjthOjA6e319fQ==', 1732110424),
	('RehjmrUXLrcLaOZgRkROpHbYdgKRAEUfjHMuWLmJ', NULL, '127.0.0.1', 'Mozilla/5.0 (Windows NT 10.0; Win64; x64) AppleWebKit/537.36 (KHTML, like Gecko) Chrome/131.0.0.0 Safari/537.36', 'YToyOntzOjY6Il90b2tlbiI7czo0MDoiSGRNUTd3OHl5N3dRTGJkZldEV21sN21SNWRnNEpuREs0SGpZUGlIcSI7czo2OiJfZmxhc2giO2E6Mjp7czozOiJvbGQiO2E6MDp7fXM6MzoibmV3IjthOjA6e319fQ==', 1732110454),
	('rIb5ExCkCIo29SnokACJGSXL4AhcfHN05BJdIzvR', NULL, '127.0.0.1', 'Mozilla/5.0 (Windows NT 10.0; Win64; x64) AppleWebKit/537.36 (KHTML, like Gecko) Chrome/131.0.0.0 Safari/537.36', 'YTozOntzOjY6Il90b2tlbiI7czo0MDoicjByNEJ5OU1yQTJhVVFpNDdLaWNrTjZxQlhoS1pTOGZUcWFrSDAzNSI7czo5OiJfcHJldmlvdXMiO2E6MTp7czozOiJ1cmwiO3M6Mjk6Imh0dHA6Ly9sb2NhbGhvc3Q6ODAwMC9yb2xlcy8xIjt9czo2OiJfZmxhc2giO2E6Mjp7czozOiJvbGQiO2E6MDp7fXM6MzoibmV3IjthOjA6e319fQ==', 1732110403),
	('rr5BzFO1gJ5mQEhWHcWFctXLzsgRrMQFBVAHBN3o', NULL, '127.0.0.1', 'Mozilla/5.0 (Windows NT 10.0; Win64; x64) AppleWebKit/537.36 (KHTML, like Gecko) Chrome/131.0.0.0 Safari/537.36', 'YTozOntzOjY6Il90b2tlbiI7czo0MDoiWUVHQUlkRG8ydzNSUTczUk1FWmdpSnpCUmJaQ1ZXUGxpWnNsQlhXZyI7czo5OiJfcHJldmlvdXMiO2E6MTp7czozOiJ1cmwiO3M6Mjk6Imh0dHA6Ly9sb2NhbGhvc3Q6ODAwMC9yb2xlcy8yIjt9czo2OiJfZmxhc2giO2E6Mjp7czozOiJvbGQiO2E6MDp7fXM6MzoibmV3IjthOjA6e319fQ==', 1732110714),
	('rZKXM1aigiKxwSBlL0BcmyG5pPW0fie4nGgPbjUM', NULL, '127.0.0.1', 'Mozilla/5.0 (Windows NT 10.0; Win64; x64) AppleWebKit/537.36 (KHTML, like Gecko) Chrome/131.0.0.0 Safari/537.36', 'YTozOntzOjY6Il90b2tlbiI7czo0MDoiZTV4WjgyQkxwdGJVeUF6ZGtxVEhPT3c2ZG55Yko0NnVrUnBjOVlrYSI7czo5OiJfcHJldmlvdXMiO2E6MTp7czozOiJ1cmwiO3M6MzE6Imh0dHA6Ly9sb2NhbGhvc3Q6ODAwMC9lbXBsZWFkb3MiO31zOjY6Il9mbGFzaCI7YToyOntzOjM6Im9sZCI7YTowOnt9czozOiJuZXciO2E6MDp7fX19', 1732110453),
	('s3nwnwJ4xRF9s0VeNF4V7qbQTtfX6hxbz49La8la', NULL, '127.0.0.1', 'Mozilla/5.0 (Windows NT 10.0; Win64; x64) AppleWebKit/537.36 (KHTML, like Gecko) Chrome/131.0.0.0 Safari/537.36', 'YToyOntzOjY6Il90b2tlbiI7czo0MDoicmM2NExCdVJDdDd6cHF0VlF5YUQzN0dkeDJGZmlLSXhFNEMzQVozRiI7czo2OiJfZmxhc2giO2E6Mjp7czozOiJvbGQiO2E6MDp7fXM6MzoibmV3IjthOjA6e319fQ==', 1732110540),
	('SeJ1fI3zUXF3BOiRZcsZgyT4iPdlXvpU8rKa2PlR', NULL, '127.0.0.1', 'Mozilla/5.0 (Windows NT 10.0; Win64; x64) AppleWebKit/537.36 (KHTML, like Gecko) Chrome/131.0.0.0 Safari/537.36', 'YToyOntzOjY6Il90b2tlbiI7czo0MDoia0hRS2VhQTB5cFhjVFVobDhKTWExQ1ZNZVRWczRYeFlRRjlwUHNVUiI7czo2OiJfZmxhc2giO2E6Mjp7czozOiJvbGQiO2E6MDp7fXM6MzoibmV3IjthOjA6e319fQ==', 1732110454),
	('sFDwlhEBvhQRtybOrokN5Dj8nw7DAYHOHmMUpaPY', NULL, '127.0.0.1', 'Mozilla/5.0 (Windows NT 10.0; Win64; x64) AppleWebKit/537.36 (KHTML, like Gecko) Chrome/131.0.0.0 Safari/537.36', 'YTozOntzOjY6Il90b2tlbiI7czo0MDoiTHNwMXptWnZDQzVzMXM1QnI5VEhTc2VhS1B4QXBQSWJQOUk3Q1JTaSI7czo5OiJfcHJldmlvdXMiO2E6MTp7czozOiJ1cmwiO3M6ODI6Imh0dHA6Ly9sb2NhbGhvc3Q6ODAwMC9yZXBvcnRlcy9wcm9kdWN0b3MtbWFzLXZlbmRpZG9zLXN1Y3Vyc2FsP2lkU3VjdXJzYWw9NCZtZXM9MTEiO31zOjY6Il9mbGFzaCI7YToyOntzOjM6Im9sZCI7YTowOnt9czozOiJuZXciO2E6MDp7fX19', 1732110834),
	('shQ6A6Y1wInHksclvdtlSGWa1UkCPMSUzdxrASBa', NULL, '127.0.0.1', 'Mozilla/5.0 (Windows NT 10.0; Win64; x64) AppleWebKit/537.36 (KHTML, like Gecko) Chrome/131.0.0.0 Safari/537.36', 'YTozOntzOjY6Il90b2tlbiI7czo0MDoiZXcyMUNUNUxYSTZvdUF6SHdpSU1CMTBsemxCUWoycnZ4TWxWR2ttTiI7czo5OiJfcHJldmlvdXMiO2E6MTp7czozOiJ1cmwiO3M6Mjk6Imh0dHA6Ly9sb2NhbGhvc3Q6ODAwMC9yb2xlcy8yIjt9czo2OiJfZmxhc2giO2E6Mjp7czozOiJvbGQiO2E6MDp7fXM6MzoibmV3IjthOjA6e319fQ==', 1732111016),
	('SiEb2HDfQOGbUTWjtgLcV49iJXQ0e5qmdzsGgFa0', NULL, '127.0.0.1', 'Mozilla/5.0 (Windows NT 10.0; Win64; x64) AppleWebKit/537.36 (KHTML, like Gecko) Chrome/131.0.0.0 Safari/537.36', 'YTozOntzOjY6Il90b2tlbiI7czo0MDoic1VNYWJZV1lOY0lWaDZ3cXVDOW5oc2N0UEp6NHZOckFXYjBJb2FkYSI7czo5OiJfcHJldmlvdXMiO2E6MTp7czozOiJ1cmwiO3M6MzY6Imh0dHA6Ly9sb2NhbGhvc3Q6ODAwMC9kYXRvc3Byb2R1Y3RvcyI7fXM6NjoiX2ZsYXNoIjthOjI6e3M6Mzoib2xkIjthOjA6e31zOjM6Im5ldyI7YTowOnt9fX0=', 1732111273),
	('SKl8qjmPFCDzMDwVQr9XqSdIHYfYRC5TlTIxvdBG', NULL, '127.0.0.1', 'Mozilla/5.0 (Windows NT 10.0; Win64; x64) AppleWebKit/537.36 (KHTML, like Gecko) Chrome/131.0.0.0 Safari/537.36', 'YTozOntzOjY6Il90b2tlbiI7czo0MDoidEQ1R00yaE1hb2VxUFpJQVpGVU1ZZ3FBNWI0NUF3RjZLaHNlbWFISyI7czo5OiJfcHJldmlvdXMiO2E6MTp7czozOiJ1cmwiO3M6Mjk6Imh0dHA6Ly9sb2NhbGhvc3Q6ODAwMC9yb2xlcy8yIjt9czo2OiJfZmxhc2giO2E6Mjp7czozOiJvbGQiO2E6MDp7fXM6MzoibmV3IjthOjA6e319fQ==', 1732111398),
	('SUIMnYqKoM8YEqGRAmDntG7g7fAuy8ntfvHGxjm4', NULL, '127.0.0.1', 'Mozilla/5.0 (Windows NT 10.0; Win64; x64) AppleWebKit/537.36 (KHTML, like Gecko) Chrome/131.0.0.0 Safari/537.36', 'YTozOntzOjY6Il90b2tlbiI7czo0MDoiWThuNGZuQTQ2STZSaFVEZlN6RWtWT0djVlBEb3E2Zmh5Z3kxRU4wQiI7czo5OiJfcHJldmlvdXMiO2E6MTp7czozOiJ1cmwiO3M6MzA6Imh0dHA6Ly9sb2NhbGhvc3Q6ODAwMC91c3VhcmlvcyI7fXM6NjoiX2ZsYXNoIjthOjI6e3M6Mzoib2xkIjthOjA6e31zOjM6Im5ldyI7YTowOnt9fX0=', 1732110474),
	('t7DCzr0T21qH3b1FgJnwVJlx0WDFwqvIfCw1TWsf', NULL, '127.0.0.1', 'Mozilla/5.0 (Windows NT 10.0; Win64; x64) AppleWebKit/537.36 (KHTML, like Gecko) Chrome/131.0.0.0 Safari/537.36', 'YTozOntzOjY6Il90b2tlbiI7czo0MDoiU1dDcFVrazJjZUhQeEZwV0VNQzhkd250NVo5dGUyOUZKSVRqcFN4NSI7czo5OiJfcHJldmlvdXMiO2E6MTp7czozOiJ1cmwiO3M6NzI6Imh0dHA6Ly9sb2NhbGhvc3Q6ODAwMC9yZXBvcnRlcy9jbGllbnRlcy1mcmVjdWVudGVzLXN1Y3Vyc2FsP2lkU3VjdXJzYWw9MiI7fXM6NjoiX2ZsYXNoIjthOjI6e3M6Mzoib2xkIjthOjA6e31zOjM6Im5ldyI7YTowOnt9fX0=', 1732110873),
	('Td45mpHgrjBCFCnjMxAV4weVFPBGk4rR5VqeCKXK', NULL, '127.0.0.1', 'Mozilla/5.0 (Windows NT 10.0; Win64; x64) AppleWebKit/537.36 (KHTML, like Gecko) Chrome/131.0.0.0 Safari/537.36', 'YTozOntzOjY6Il90b2tlbiI7czo0MDoibE1CcTFhckpQVkl5aDBXNXpIV0RUVDdWUWxvaGJTaUtkS21tUkgzQyI7czo5OiJfcHJldmlvdXMiO2E6MTp7czozOiJ1cmwiO3M6Mjk6Imh0dHA6Ly9sb2NhbGhvc3Q6ODAwMC9yb2xlcy8yIjt9czo2OiJfZmxhc2giO2E6Mjp7czozOiJvbGQiO2E6MDp7fXM6MzoibmV3IjthOjA6e319fQ==', 1732111053),
	('tNAeLKElYDAc05XAg1iJcZ14FfgidNV7Ayz2NOVO', NULL, '127.0.0.1', 'Mozilla/5.0 (Windows NT 10.0; Win64; x64) AppleWebKit/537.36 (KHTML, like Gecko) Chrome/131.0.0.0 Safari/537.36', 'YTozOntzOjY6Il90b2tlbiI7czo0MDoiOTdKNndhcUVvamZid21sa3FTdk15TUhjeW8wRXF5N0s4VjNxUW9TMSI7czo5OiJfcHJldmlvdXMiO2E6MTp7czozOiJ1cmwiO3M6Mjk6Imh0dHA6Ly9sb2NhbGhvc3Q6ODAwMC9yb2xlcy8xIjt9czo2OiJfZmxhc2giO2E6Mjp7czozOiJvbGQiO2E6MDp7fXM6MzoibmV3IjthOjA6e319fQ==', 1732110460),
	('UFPiBXVy3MTSRsyCfOFDUChsESW7cSJqYSH3Ynri', NULL, '127.0.0.1', 'Mozilla/5.0 (Windows NT 10.0; Win64; x64) AppleWebKit/537.36 (KHTML, like Gecko) Chrome/131.0.0.0 Safari/537.36', 'YToyOntzOjY6Il90b2tlbiI7czo0MDoiZmREUkk2MU1teWc5YlZXQnVNeGNxOXRRUVpuY25yV0FjVHcyekJMOSI7czo2OiJfZmxhc2giO2E6Mjp7czozOiJvbGQiO2E6MDp7fXM6MzoibmV3IjthOjA6e319fQ==', 1732111086),
	('uJhoWNqZuC4BTWDnLrn5Gd7WF6VZJOBTcjq7TZEi', NULL, '127.0.0.1', 'Mozilla/5.0 (Windows NT 10.0; Win64; x64) AppleWebKit/537.36 (KHTML, like Gecko) Chrome/131.0.0.0 Safari/537.36', 'YTozOntzOjY6Il90b2tlbiI7czo0MDoidThPS0hnSjhRRUFnRTBvVFd3VXMwbTFVQXpCT3R6OFZnMkdzZ1FBUiI7czo5OiJfcHJldmlvdXMiO2E6MTp7czozOiJ1cmwiO3M6MzI6Imh0dHA6Ly9sb2NhbGhvc3Q6ODAwMC9zdWN1cnNhbGVzIjt9czo2OiJfZmxhc2giO2E6Mjp7czozOiJvbGQiO2E6MDp7fXM6MzoibmV3IjthOjA6e319fQ==', 1732111123),
	('Uod7PZBiQWsdHPKgcdHrTm8uOkx35rzffQos7QGp', NULL, '127.0.0.1', 'Mozilla/5.0 (Windows NT 10.0; Win64; x64) AppleWebKit/537.36 (KHTML, like Gecko) Chrome/131.0.0.0 Safari/537.36', 'YTozOntzOjY6Il90b2tlbiI7czo0MDoiTmtFakRQTXV0NjQ5enBWemtYS254bGxLbTRCVk9KZWRGS2FmMTRJSCI7czo5OiJfcHJldmlvdXMiO2E6MTp7czozOiJ1cmwiO3M6Mjk6Imh0dHA6Ly9sb2NhbGhvc3Q6ODAwMC9yb2xlcy8yIjt9czo2OiJfZmxhc2giO2E6Mjp7czozOiJvbGQiO2E6MDp7fXM6MzoibmV3IjthOjA6e319fQ==', 1732110671),
	('UtOmsxwo4pbfWUyEN0YxA1td0oLTkYfuxzybcfii', NULL, '127.0.0.1', 'Mozilla/5.0 (Windows NT 10.0; Win64; x64) AppleWebKit/537.36 (KHTML, like Gecko) Chrome/131.0.0.0 Safari/537.36', 'YTozOntzOjY6Il90b2tlbiI7czo0MDoiUDB0c3hjT1M3ZEZjQXIyR25oVnNNalJHcWl0YmRWVFJSZGpkMVRqdiI7czo5OiJfcHJldmlvdXMiO2E6MTp7czozOiJ1cmwiO3M6NTg6Imh0dHA6Ly9sb2NhbGhvc3Q6ODAwMC9yZXBvcnRlcy9jbGllbnRlcy1mcmVjdWVudGVzLWdlbmVyYWwiO31zOjY6Il9mbGFzaCI7YToyOntzOjM6Im9sZCI7YTowOnt9czozOiJuZXciO2E6MDp7fX19', 1732110902),
	('V1ps9lLY6ZMlQMym04xWdwaP4VTJAmay0dGsHb07', NULL, '127.0.0.1', 'Mozilla/5.0 (Windows NT 10.0; Win64; x64) AppleWebKit/537.36 (KHTML, like Gecko) Chrome/131.0.0.0 Safari/537.36', 'YTozOntzOjY6Il90b2tlbiI7czo0MDoibnhPN3JOMFp3bzh5QmxyRE9kNDY1Zlg3MnZNd1B6ajdqaUhKSGplUCI7czo5OiJfcHJldmlvdXMiO2E6MTp7czozOiJ1cmwiO3M6NDA6Imh0dHA6Ly9sb2NhbGhvc3Q6ODAwMC9hcGkvdXN1YXJpb3MvYWRtaW4iO31zOjY6Il9mbGFzaCI7YToyOntzOjM6Im9sZCI7YTowOnt9czozOiJuZXciO2E6MDp7fX19', 1732110401),
	('vLEjei5ZqF06vrf5UfDCRv0wlSMiU845CewhuzCV', NULL, '127.0.0.1', 'Mozilla/5.0 (Windows NT 10.0; Win64; x64) AppleWebKit/537.36 (KHTML, like Gecko) Chrome/131.0.0.0 Safari/537.36', 'YTozOntzOjY6Il90b2tlbiI7czo0MDoieTMxWWRsVXc5elc4NmdEWVMycVE4bldnelpBaE0wRWlvcFZWRG1PRSI7czo5OiJfcHJldmlvdXMiO2E6MTp7czozOiJ1cmwiO3M6MzA6Imh0dHA6Ly9sb2NhbGhvc3Q6ODAwMC91c3VhcmlvcyI7fXM6NjoiX2ZsYXNoIjthOjI6e3M6Mzoib2xkIjthOjA6e31zOjM6Im5ldyI7YTowOnt9fX0=', 1732110423),
	('VMcSvGIpiRIeoBeWpeQ6bV9i1cE8qc9rE2U0s7f9', NULL, '127.0.0.1', 'Mozilla/5.0 (Windows NT 10.0; Win64; x64) AppleWebKit/537.36 (KHTML, like Gecko) Chrome/131.0.0.0 Safari/537.36', 'YTozOntzOjY6Il90b2tlbiI7czo0MDoiTDU3b0ZMdnJYZkk1OFpzaThhNnNCb3cxdGRXWmY2bjFJQ3BYeW9CbCI7czo5OiJfcHJldmlvdXMiO2E6MTp7czozOiJ1cmwiO3M6MzE6Imh0dHA6Ly9sb2NhbGhvc3Q6ODAwMC9lbXBsZWFkb3MiO31zOjY6Il9mbGFzaCI7YToyOntzOjM6Im9sZCI7YTowOnt9czozOiJuZXciO2E6MDp7fX19', 1732110423),
	('vsaqleDipiaKUKHSlKs7tTXQm1AR1xDbkphtOKbh', NULL, '127.0.0.1', 'Mozilla/5.0 (Windows NT 10.0; Win64; x64) AppleWebKit/537.36 (KHTML, like Gecko) Chrome/131.0.0.0 Safari/537.36', 'YTozOntzOjY6Il90b2tlbiI7czo0MDoiTUJsb0JDdzJHSFVHWG9kQTB2Uk5laVdWUmQ3UGxpQXhJSGpiYmlNMSI7czo5OiJfcHJldmlvdXMiO2E6MTp7czozOiJ1cmwiO3M6NjQ6Imh0dHA6Ly9sb2NhbGhvc3Q6ODAwMC9yZXBvcnRlcy9wcm9kdWN0b3MtbWFzLXZlbmRpZG9zLW1lcz9tZXM9MTEiO31zOjY6Il9mbGFzaCI7YToyOntzOjM6Im9sZCI7YTowOnt9czozOiJuZXciO2E6MDp7fX19', 1732111162),
	('Wyk6f8uDYj68vKs79zU7eAv3om34sll0UIoYfRb1', NULL, '127.0.0.1', 'Mozilla/5.0 (Windows NT 10.0; Win64; x64) AppleWebKit/537.36 (KHTML, like Gecko) Chrome/131.0.0.0 Safari/537.36', 'YToyOntzOjY6Il90b2tlbiI7czo0MDoiaWZrWkFLaHBRdm1LUWxmbkJCdkl0RjRsVUQwNEZhNDhGajlWcWs1ZSI7czo2OiJfZmxhc2giO2E6Mjp7czozOiJvbGQiO2E6MDp7fXM6MzoibmV3IjthOjA6e319fQ==', 1732110446),
	('x7Jv4SqZhMbLA6aW6lQhzyPZR53UjhmUwooApMYq', NULL, '127.0.0.1', 'Mozilla/5.0 (Windows NT 10.0; Win64; x64) AppleWebKit/537.36 (KHTML, like Gecko) Chrome/131.0.0.0 Safari/537.36', 'YTozOntzOjY6Il90b2tlbiI7czo0MDoiaHJyTGNPQnoxT3F1cENPeTQ4WFN5Rk1tS2Y0TExFWVpxMGxXb1M4UyI7czo5OiJfcHJldmlvdXMiO2E6MTp7czozOiJ1cmwiO3M6Mjk6Imh0dHA6Ly9sb2NhbGhvc3Q6ODAwMC9yb2xlcy8yIjt9czo2OiJfZmxhc2giO2E6Mjp7czozOiJvbGQiO2E6MDp7fXM6MzoibmV3IjthOjA6e319fQ==', 1732110671),
	('x8LYwyuIhpjzs8SDySmCdJGHGGWdL27y0m8XOFgY', NULL, '127.0.0.1', 'Mozilla/5.0 (Windows NT 10.0; Win64; x64) AppleWebKit/537.36 (KHTML, like Gecko) Chrome/131.0.0.0 Safari/537.36', 'YTozOntzOjY6Il90b2tlbiI7czo0MDoiSzZFQU1tVk9DeHBOaUNKbTNIQ0h6dVZtRm9teW1QanUzVWRmZlIySCI7czo5OiJfcHJldmlvdXMiO2E6MTp7czozOiJ1cmwiO3M6ODI6Imh0dHA6Ly9sb2NhbGhvc3Q6ODAwMC9yZXBvcnRlcy9wcm9kdWN0b3MtbWFzLXZlbmRpZG9zLXN1Y3Vyc2FsP2lkU3VjdXJzYWw9MiZtZXM9MTIiO31zOjY6Il9mbGFzaCI7YToyOntzOjM6Im9sZCI7YTowOnt9czozOiJuZXciO2E6MDp7fX19', 1732110848),
	('xbmrU4V5kJZvySa1DvcvUhWlDk7gdG8UfNTdmGS7', NULL, '127.0.0.1', 'Mozilla/5.0 (Windows NT 10.0; Win64; x64) AppleWebKit/537.36 (KHTML, like Gecko) Chrome/131.0.0.0 Safari/537.36', 'YTozOntzOjY6Il90b2tlbiI7czo0MDoiOHlpV2wxSzI4RW16dmlybzZLQWhXR3c3QlI1OExaMzdaMXRmTG5yOCI7czo5OiJfcHJldmlvdXMiO2E6MTp7czozOiJ1cmwiO3M6NjM6Imh0dHA6Ly9sb2NhbGhvc3Q6ODAwMC9yZXBvcnRlcy9wcm9kdWN0b3MtbWFzLXZlbmRpZG9zLW1lcz9tZXM9NSI7fXM6NjoiX2ZsYXNoIjthOjI6e3M6Mzoib2xkIjthOjA6e31zOjM6Im5ldyI7YTowOnt9fX0=', 1732110810),
	('Xd8cA4N0wKpD0WTNT7LLTuzJSuOfPcyPXsUdbI40', NULL, '127.0.0.1', 'Mozilla/5.0 (Windows NT 10.0; Win64; x64) AppleWebKit/537.36 (KHTML, like Gecko) Chrome/131.0.0.0 Safari/537.36', 'YToyOntzOjY6Il90b2tlbiI7czo0MDoiSzBxWWZ2RzVSNXN4TzBLd0tZd25UUWFqTW52bW5zUWNKSjVmejRIbyI7czo2OiJfZmxhc2giO2E6Mjp7czozOiJvbGQiO2E6MDp7fXM6MzoibmV3IjthOjA6e319fQ==', 1732110425),
	('XjM3leAtM2CEG83XStB0xjjhJ5qx0QoZVVVU8BeD', NULL, '127.0.0.1', 'Mozilla/5.0 (Windows NT 10.0; Win64; x64) AppleWebKit/537.36 (KHTML, like Gecko) Chrome/131.0.0.0 Safari/537.36', 'YTozOntzOjY6Il90b2tlbiI7czo0MDoiajdkeVRYQzNNQVkwUDRUUHVkdHdGNUpORFU3aHF6U0tPSFJmNW9RdSI7czo5OiJfcHJldmlvdXMiO2E6MTp7czozOiJ1cmwiO3M6Njk6Imh0dHA6Ly9sb2NhbGhvc3Q6ODAwMC9yZXBvcnRlcy9wcm9kdWN0b3MtYmFqYS1leGlzdGVuY2lhP2lkU3VjdXJzYWw9MSI7fXM6NjoiX2ZsYXNoIjthOjI6e3M6Mzoib2xkIjthOjA6e31zOjM6Im5ldyI7YTowOnt9fX0=', 1732110760),
	('Xlb4g9kLpBAF8y0uK3q4dFH6aRh4zvzlRgdim0jU', NULL, '127.0.0.1', 'Mozilla/5.0 (Windows NT 10.0; Win64; x64) AppleWebKit/537.36 (KHTML, like Gecko) Chrome/131.0.0.0 Safari/537.36', 'YTozOntzOjY6Il90b2tlbiI7czo0MDoic0p3SjUxM1Y5ZUJVd3M3ZlB4T0h2NUFyODFPTHBkekdEczRFeEd0biI7czo5OiJfcHJldmlvdXMiO2E6MTp7czozOiJ1cmwiO3M6MzI6Imh0dHA6Ly9sb2NhbGhvc3Q6ODAwMC9zdWN1cnNhbGVzIjt9czo2OiJfZmxhc2giO2E6Mjp7czozOiJvbGQiO2E6MDp7fXM6MzoibmV3IjthOjA6e319fQ==', 1732110975),
	('XPQmDfPLbfhplV3UOUHvgA0i3l5IgNULQfFei7ay', NULL, '127.0.0.1', 'Mozilla/5.0 (Windows NT 10.0; Win64; x64) AppleWebKit/537.36 (KHTML, like Gecko) Chrome/131.0.0.0 Safari/537.36', 'YTozOntzOjY6Il90b2tlbiI7czo0MDoiMXpJQmh1UHR4MTh1MDRSaDhLdGpHR3VURjhKVmtLeVk3MFRIRnNtUCI7czo5OiJfcHJldmlvdXMiO2E6MTp7czozOiJ1cmwiO3M6Mjk6Imh0dHA6Ly9sb2NhbGhvc3Q6ODAwMC9yb2xlcy8yIjt9czo2OiJfZmxhc2giO2E6Mjp7czozOiJvbGQiO2E6MDp7fXM6MzoibmV3IjthOjA6e319fQ==', 1732110423),
	('xsIOekNWHDqj1mQ7FymzKcXFRgNmL9y6EzCJo2LL', NULL, '127.0.0.1', 'Mozilla/5.0 (Windows NT 10.0; Win64; x64) AppleWebKit/537.36 (KHTML, like Gecko) Chrome/131.0.0.0 Safari/537.36', 'YTozOntzOjY6Il90b2tlbiI7czo0MDoiWTFQZnZqTmk0QzNNeldNY2RMTUtqcU5KNXpyV1dwTTlYamM3MzF4RSI7czo5OiJfcHJldmlvdXMiO2E6MTp7czozOiJ1cmwiO3M6Mjk6Imh0dHA6Ly9sb2NhbGhvc3Q6ODAwMC9yb2xlcy8yIjt9czo2OiJfZmxhc2giO2E6Mjp7czozOiJvbGQiO2E6MDp7fXM6MzoibmV3IjthOjA6e319fQ==', 1732111395),
	('Y2aRbesHxD8JhgFW4LsAedDfLUDFweGk3j8PlIEs', NULL, '127.0.0.1', 'Mozilla/5.0 (Windows NT 10.0; Win64; x64) AppleWebKit/537.36 (KHTML, like Gecko) Chrome/131.0.0.0 Safari/537.36', 'YTozOntzOjY6Il90b2tlbiI7czo0MDoiVktaWHhSSnJGOWRiZHhTU2V1bzhadjA1ZlVZV29pRnFPVFRvSkFFZyI7czo5OiJfcHJldmlvdXMiO2E6MTp7czozOiJ1cmwiO3M6Mjk6Imh0dHA6Ly9sb2NhbGhvc3Q6ODAwMC9jb21wcmFzIjt9czo2OiJfZmxhc2giO2E6Mjp7czozOiJvbGQiO2E6MDp7fXM6MzoibmV3IjthOjA6e319fQ==', 1732111010),
	('y2KHjKQLV06wlM5RxAiw6YKm28VRrw1v9PyKe5vo', NULL, '127.0.0.1', 'Mozilla/5.0 (Windows NT 10.0; Win64; x64) AppleWebKit/537.36 (KHTML, like Gecko) Chrome/131.0.0.0 Safari/537.36', 'YTozOntzOjY6Il90b2tlbiI7czo0MDoiRlN3blkyQVNVMlphUTdNZFRZSU1IYVhOVDVCbmFZNU5UckhZWkhLTiI7czo5OiJfcHJldmlvdXMiO2E6MTp7czozOiJ1cmwiO3M6MzE6Imh0dHA6Ly9sb2NhbGhvc3Q6ODAwMC9lbXBsZWFkb3MiO31zOjY6Il9mbGFzaCI7YToyOntzOjM6Im9sZCI7YTowOnt9czozOiJuZXciO2E6MDp7fX19', 1732110541),
	('ydbpG37xQhpr7xeAzI5npo8QdkqZA9nVaqDSkHTi', NULL, '127.0.0.1', 'Mozilla/5.0 (Windows NT 10.0; Win64; x64) AppleWebKit/537.36 (KHTML, like Gecko) Chrome/131.0.0.0 Safari/537.36', 'YToyOntzOjY6Il90b2tlbiI7czo0MDoiTzBGTG5nOW05eWZwZWRjcks4NzREZ2piWDZwczBkT2pYVmI1aXlVQyI7czo2OiJfZmxhc2giO2E6Mjp7czozOiJvbGQiO2E6MDp7fXM6MzoibmV3IjthOjA6e319fQ==', 1732111338),
	('YfeXtOWIYtnEZfBSR1ZoXfv3PJ8b4aOviJpk1zG9', NULL, '127.0.0.1', 'Mozilla/5.0 (Windows NT 10.0; Win64; x64) AppleWebKit/537.36 (KHTML, like Gecko) Chrome/131.0.0.0 Safari/537.36', 'YToyOntzOjY6Il90b2tlbiI7czo0MDoiM01pUTh1SjBMb2ZBWXJmb09EZ21hY1dtSHd0YlUwRGJIWTJ1T3RucSI7czo2OiJfZmxhc2giO2E6Mjp7czozOiJvbGQiO2E6MDp7fXM6MzoibmV3IjthOjA6e319fQ==', 1732110425),
	('yGEdmECBOlKJKHuVvTFRUU7YlZIP7efxtsy6YNnk', NULL, '127.0.0.1', 'Mozilla/5.0 (Windows NT 10.0; Win64; x64) AppleWebKit/537.36 (KHTML, like Gecko) Chrome/131.0.0.0 Safari/537.36', 'YTozOntzOjY6Il90b2tlbiI7czo0MDoid0Y1allLcnVHb3lVYXh5blo3YUdZakI3dDk4N2hFVWZidVA2Q3hJQyI7czo5OiJfcHJldmlvdXMiO2E6MTp7czozOiJ1cmwiO3M6ODQ6Imh0dHA6Ly9sb2NhbGhvc3Q6ODAwMC9yZXBvcnRlcy9jb21wcmFzUj9mZWNoYV9maW49MjAyNC0xMi0zMSZmZWNoYV9pbmljaW89MjAyNC0xMS0wMSI7fXM6NjoiX2ZsYXNoIjthOjI6e3M6Mzoib2xkIjthOjA6e31zOjM6Im5ldyI7YTowOnt9fX0=', 1732111411),
	('Ykq8mCbsLggXu9s33X3Kd1lXQdgiT5b9OGv0Vgb3', NULL, '127.0.0.1', 'Mozilla/5.0 (Windows NT 10.0; Win64; x64) AppleWebKit/537.36 (KHTML, like Gecko) Chrome/131.0.0.0 Safari/537.36', 'YTozOntzOjY6Il90b2tlbiI7czo0MDoiMDBTVWlMbmFuMDNVNlVlcVhCWXNuZ2FkRUdRSVNKV2VVVzBBMGRMMiI7czo5OiJfcHJldmlvdXMiO2E6MTp7czozOiJ1cmwiO3M6ODI6Imh0dHA6Ly9sb2NhbGhvc3Q6ODAwMC9yZXBvcnRlcy9wcm9kdWN0b3MtbWFzLXZlbmRpZG9zLXN1Y3Vyc2FsP2lkU3VjdXJzYWw9NSZtZXM9MTEiO31zOjY6Il9mbGFzaCI7YToyOntzOjM6Im9sZCI7YTowOnt9czozOiJuZXciO2E6MDp7fX19', 1732110841),
	('yN3LkRfPO42KvyxZRvrLtnvwht3e447gsJr0zxcL', NULL, '127.0.0.1', 'Mozilla/5.0 (Windows NT 10.0; Win64; x64) AppleWebKit/537.36 (KHTML, like Gecko) Chrome/131.0.0.0 Safari/537.36', 'YTozOntzOjY6Il90b2tlbiI7czo0MDoiRWNOWDBOZEp2VFcwWTFXWmtrOWdWczhDMVJPVTgwVmY1TWlyVnhlRyI7czo5OiJfcHJldmlvdXMiO2E6MTp7czozOiJ1cmwiO3M6NzI6Imh0dHA6Ly9sb2NhbGhvc3Q6ODAwMC9yZXBvcnRlcy9jbGllbnRlcy1mcmVjdWVudGVzLXN1Y3Vyc2FsP2lkU3VjdXJzYWw9NCI7fXM6NjoiX2ZsYXNoIjthOjI6e3M6Mzoib2xkIjthOjA6e31zOjM6Im5ldyI7YTowOnt9fX0=', 1732110888),
	('ZaKXTTDOOPffj69Us4JwClqKhtuLrhNFuv1h0s1x', NULL, '127.0.0.1', 'Mozilla/5.0 (Windows NT 10.0; Win64; x64) AppleWebKit/537.36 (KHTML, like Gecko) Chrome/131.0.0.0 Safari/537.36', 'YTozOntzOjY6Il90b2tlbiI7czo0MDoib1B0VGxSQVhUZVg0TGpYQk9mVDcyejN2MEx2ZHFqeDJNTDBNWm9kVSI7czo5OiJfcHJldmlvdXMiO2E6MTp7czozOiJ1cmwiO3M6Mjk6Imh0dHA6Ly9sb2NhbGhvc3Q6ODAwMC9yb2xlcy8yIjt9czo2OiJfZmxhc2giO2E6Mjp7czozOiJvbGQiO2E6MDp7fXM6MzoibmV3IjthOjA6e319fQ==', 1732111054),
	('zE6uPOWRvn4w5AuCNPP0BOTIK5aW6dNOlWKhIRs6', NULL, '127.0.0.1', 'Mozilla/5.0 (Windows NT 10.0; Win64; x64) AppleWebKit/537.36 (KHTML, like Gecko) Chrome/131.0.0.0 Safari/537.36', 'YTozOntzOjY6Il90b2tlbiI7czo0MDoiRktDaUlidVBCdEFiWGs0YzZQQ1VNYmtBd09HcjA1S3RMRDZ6eHhqNCI7czo5OiJfcHJldmlvdXMiO2E6MTp7czozOiJ1cmwiO3M6Mjk6Imh0dHA6Ly9sb2NhbGhvc3Q6ODAwMC9yb2xlcy8zIjt9czo2OiJfZmxhc2giO2E6Mjp7czozOiJvbGQiO2E6MDp7fXM6MzoibmV3IjthOjA6e319fQ==', 1732110562),
	('ziu9zFeqtelVPyefSQsmytlKLW01c8dI2rxgyo8f', NULL, '127.0.0.1', 'Mozilla/5.0 (Windows NT 10.0; Win64; x64) AppleWebKit/537.36 (KHTML, like Gecko) Chrome/131.0.0.0 Safari/537.36', 'YTozOntzOjY6Il90b2tlbiI7czo0MDoiM1Fnd2t0cnlGbFU0ZDM0dU9CMTRZT2cwc2tyb096ZFU3TUpFN1hMVCI7czo5OiJfcHJldmlvdXMiO2E6MTp7czozOiJ1cmwiO3M6ODQ6Imh0dHA6Ly9sb2NhbGhvc3Q6ODAwMC9yZXBvcnRlcy9jb21wcmFzUj9mZWNoYV9maW49MjAyNC0xMS0yMSZmZWNoYV9pbmljaW89MjAyNC0xMS0xOSI7fXM6NjoiX2ZsYXNoIjthOjI6e3M6Mzoib2xkIjthOjA6e31zOjM6Im5ldyI7YTowOnt9fX0=', 1732111202),
	('Zjx0XkHzl3gVb0Ach1XueHkizZkFWfWGKyVJf8IU', NULL, '127.0.0.1', 'Mozilla/5.0 (Windows NT 10.0; Win64; x64) AppleWebKit/537.36 (KHTML, like Gecko) Chrome/131.0.0.0 Safari/537.36', 'YTozOntzOjY6Il90b2tlbiI7czo0MDoiVW5XZ1pENDEwc09tdjRBc2lleDkxWGlGZUQ2Y0NlUXBOM0dpOTVWcCI7czo5OiJfcHJldmlvdXMiO2E6MTp7czozOiJ1cmwiO3M6Mjc6Imh0dHA6Ly9sb2NhbGhvc3Q6ODAwMC9yb2xlcyI7fXM6NjoiX2ZsYXNoIjthOjI6e3M6Mzoib2xkIjthOjA6e31zOjM6Im5ldyI7YTowOnt9fX0=', 1732110541),
	('ZT2n2qKs9VpuogIaWZuIZlMKtBAVxSrpaLji5Onp', NULL, '127.0.0.1', 'Mozilla/5.0 (Windows NT 10.0; Win64; x64) AppleWebKit/537.36 (KHTML, like Gecko) Chrome/131.0.0.0 Safari/537.36', 'YTozOntzOjY6Il90b2tlbiI7czo0MDoiZlhjQjFVNnVUaW9TR0FlcEd4cVJNMXJBcHBpRGN6clFveU5DRzJKbCI7czo5OiJfcHJldmlvdXMiO2E6MTp7czozOiJ1cmwiO3M6Mjk6Imh0dHA6Ly9sb2NhbGhvc3Q6ODAwMC9jb21wcmFzIjt9czo2OiJfZmxhc2giO2E6Mjp7czozOiJvbGQiO2E6MDp7fXM6MzoibmV3IjthOjA6e319fQ==', 1732111393);

-- Volcando estructura para tabla storeonline.sucursal
DROP TABLE IF EXISTS `sucursal`;
CREATE TABLE IF NOT EXISTS `sucursal` (
  `idSucursal` int NOT NULL AUTO_INCREMENT,
  `nombre` varchar(50) COLLATE utf8mb4_general_ci NOT NULL,
  `ubicacion` varchar(100) COLLATE utf8mb4_general_ci NOT NULL,
  `telefono` varchar(8) COLLATE utf8mb4_general_ci NOT NULL,
  `celular` varchar(8) COLLATE utf8mb4_general_ci DEFAULT NULL,
  `email` varchar(50) COLLATE utf8mb4_general_ci NOT NULL,
  `estado` tinyint(1) NOT NULL DEFAULT '1',
  `direccion` varchar(100) COLLATE utf8mb4_general_ci NOT NULL,
  PRIMARY KEY (`idSucursal`)
) ENGINE=InnoDB AUTO_INCREMENT=7 DEFAULT CHARSET=utf8mb4 COLLATE=utf8mb4_general_ci;

-- Volcando datos para la tabla storeonline.sucursal: ~6 rows (aproximadamente)
DELETE FROM `sucursal`;
INSERT INTO `sucursal` (`idSucursal`, `nombre`, `ubicacion`, `telefono`, `celular`, `email`, `estado`, `direccion`) VALUES
	(1, 'Store Pradera Chimaltenango', '14.660672, -90.809802', '12121212', '21212121', 'storepraderachimaltenango@gmail.com', 1, 'Diagonal 1, Zona 6 75 Chimaltenango'),
	(2, 'Store Pradera Escuintla', '14.2899457,-90.7845336', '78898028', '31313131', 'storepraderaescuintla@gmail.com', 1, '1a. ave. 1-40 zona 3 de Escuintla'),
	(3, 'Stores Las Americas Mazatenango', '14.5349775,-91.4947557', '77972525', '14141414', 'storeplazalasamericasmazatenango@gmail.com', 1, 'Km. 158 Carretera a, Mazatenango 10001'),
	(4, 'Store La Trinidad Coatepeque', '14.7013053,-91.8535172,767', '15151515', '51515151', 'storelatrinidadcoatepeque@gmail.com', 1, 'Calzada Álvaro Arzu Coatepeque'),
	(5, 'Stroe Pradera Xela', '14.8502391,-91.5371314', '77677884', '16161616', 'storepraderaxela@gmail.com', 1, 'Av. Las Americas 7-12, Quetzaltenango'),
	(6, 'Store Miraflores Guatemala', '14.6202631,-90.5545295', '17171717', '71717171', 'storemirafloresguate@gmail.com', 1, '7 calle 12 avenida Guatemala');

-- Volcando estructura para tabla storeonline.tipoproducto
DROP TABLE IF EXISTS `tipoproducto`;
CREATE TABLE IF NOT EXISTS `tipoproducto` (
  `idTipoProducto` int NOT NULL AUTO_INCREMENT,
  `nombre` varchar(50) COLLATE utf8mb4_general_ci NOT NULL,
  `estado` tinyint(1) NOT NULL DEFAULT '1',
  PRIMARY KEY (`idTipoProducto`)
) ENGINE=InnoDB AUTO_INCREMENT=12 DEFAULT CHARSET=utf8mb4 COLLATE=utf8mb4_general_ci;

-- Volcando datos para la tabla storeonline.tipoproducto: ~11 rows (aproximadamente)
DELETE FROM `tipoproducto`;
INSERT INTO `tipoproducto` (`idTipoProducto`, `nombre`, `estado`) VALUES
	(1, 'Teléfono', 1),
	(2, 'Refrigerador', 1),
	(3, 'Laptop', 1),
	(4, 'Televisor', 1),
	(5, 'Tablet', 1),
	(6, 'Smartwatch', 1),
	(7, 'Auriculares', 1),
	(8, 'Cámara', 1),
	(9, 'Consola de videojuegos', 1),
	(10, 'Altavoz', 1),
	(11, 'Impresora', 1);

-- Volcando estructura para tabla storeonline.users
DROP TABLE IF EXISTS `users`;
CREATE TABLE IF NOT EXISTS `users` (
  `id` bigint unsigned NOT NULL AUTO_INCREMENT,
  `name` varchar(255) COLLATE utf8mb4_unicode_ci NOT NULL,
  `email` varchar(255) COLLATE utf8mb4_unicode_ci NOT NULL,
  `email_verified_at` timestamp NULL DEFAULT NULL,
  `password` varchar(255) COLLATE utf8mb4_unicode_ci NOT NULL,
  `remember_token` varchar(100) COLLATE utf8mb4_unicode_ci DEFAULT NULL,
  `created_at` timestamp NULL DEFAULT NULL,
  `updated_at` timestamp NULL DEFAULT NULL,
  PRIMARY KEY (`id`),
  UNIQUE KEY `users_email_unique` (`email`)
) ENGINE=InnoDB DEFAULT CHARSET=utf8mb4 COLLATE=utf8mb4_unicode_ci;

-- Volcando datos para la tabla storeonline.users: ~0 rows (aproximadamente)
DELETE FROM `users`;

-- Volcando estructura para tabla storeonline.usuario
DROP TABLE IF EXISTS `usuario`;
CREATE TABLE IF NOT EXISTS `usuario` (
  `idUsuario` int NOT NULL AUTO_INCREMENT,
  `password` varbinary(5000) NOT NULL,
  `estado` tinyint(1) NOT NULL DEFAULT '1',
  `usuario` varchar(20) COLLATE utf8mb4_general_ci NOT NULL,
  `idEmpleado` int DEFAULT NULL,
  `idRol` int DEFAULT NULL,
  PRIMARY KEY (`idUsuario`),
  KEY `IX_Relationship12` (`idEmpleado`),
  KEY `IX_Relationship14` (`idRol`),
  CONSTRAINT `Relationship12` FOREIGN KEY (`idEmpleado`) REFERENCES `empleado` (`idEmpleado`),
  CONSTRAINT `Relationship14` FOREIGN KEY (`idRol`) REFERENCES `rol` (`idRol`)
) ENGINE=InnoDB AUTO_INCREMENT=4 DEFAULT CHARSET=utf8mb4 COLLATE=utf8mb4_general_ci;

-- Volcando datos para la tabla storeonline.usuario: ~3 rows (aproximadamente)
DELETE FROM `usuario`;
INSERT INTO `usuario` (`idUsuario`, `password`, `estado`, `usuario`, `idEmpleado`, `idRol`) VALUES
	(1, _binary 0x6434303435353966363032656162366664363032616337363830646163626661616464313336333033333565393531663039376166333930306539646531373662366462323835313266326530303062396430346662613531333365386231633665386466353964623361386162396436306265346239376363396538316462, 1, 'admin', 1, 1),
	(2, _binary 0x6261333235333837366165643662633232643461366666353364383430366336616438363431393565643134346162356338373632316236633233336235343862616561653639353664663334366563386331376635656131306633356565336362633531343739376564376464643331343534363465326130626162343133, 1, 'bob', 2, 2),
	(3, _binary 0x3336323739303961323963333133383161303731656332376637633963613937373236313832616564323961376464643265353433353333323263666233306162623965336136646632616332633230666532333433363331316436373835363464306338643330353933303537356636306532643364303438313834643739, 1, 'Miguetz', 2, 1);

/*!40103 SET TIME_ZONE=IFNULL(@OLD_TIME_ZONE, 'system') */;
/*!40101 SET SQL_MODE=IFNULL(@OLD_SQL_MODE, '') */;
/*!40014 SET FOREIGN_KEY_CHECKS=IFNULL(@OLD_FOREIGN_KEY_CHECKS, 1) */;
/*!40101 SET CHARACTER_SET_CLIENT=@OLD_CHARACTER_SET_CLIENT */;
/*!40111 SET SQL_NOTES=IFNULL(@OLD_SQL_NOTES, 1) */;
